-- =============================================================================
-- Admin Panel Layout Seed Data (PostgreSQL) - Generated 2026-01-29
-- =============================================================================
-- This file contains executable SQL to seed the admin panel layout.
-- Usage: psql "postgres://postgres:postgres@localhost:5432/admin_modulacms" -f sql/seed_admin_panel.sql
--
-- Structure: Page -> Section[] -> Component[]
-- Clean output: page.sections[].components[]
--
-- Admin Datatypes: Page (01KG5WR1VPZG63WF3Z1HTZSKZ4), Section (01KG5WR1VPZG63WF3Z1M3TX6C3), Component (01KG5WR1VPZG63WF3Z1P6RK2KK)
--
-- Admin Routes:
--   dashboard  (01KG5WR1XNHFCG6RB94GWAB17H)
--   users      (01KG5WR1XNHFCG6RB94KTHH42J)
--   content    (01KG5WR1XNHFCG6RB94NS43FZX)
--   media      (01KG5WR1XNHFCG6RB94PVJAAVT)
--   settings   (01KG5WR1XNHFCG6RB94RDCP849)
--   routes     (01KG5WR1XNHFCG6RB94VMEAEHF)
--   datatypes  (01KG5WR1XNHFCG6RB94W3G9Q94)
--
-- Page Fields:    Title (text), Layout (select), Icon (text), Description (text), Order (number)
-- Section Fields: Heading (text), Columns (number), Collapsible (select), Gap (text)
-- Component Fields: Component (select), Label (text), Config (text), Col Span (number), Permissions (text)
--
-- Component types (layout-resolver): table, form, grid, detail
--
-- Tree structure per page:
--   Page (root)
--     +- Section (first_child of Page)
--     |    +- Component (first_child of Section)
--     +- Section (next_sibling)
--          +- Component
--
-- Dashboard has 4 grid components + 1 table component
-- Content/Media/Routes/Datatypes have detail + table
-- Users has detail + users table + roles table
-- Settings has 2 form sections (General, Advanced)
-- =============================================================================

BEGIN;

-- =============================================================================
-- Clean existing admin panel data (FK-safe deletion order)
-- =============================================================================
DELETE FROM admin_content_fields WHERE admin_route_id IN (
  '01KG5WR1XNHFCG6RB94GWAB17H', '01KG5WR1XNHFCG6RB94KTHH42J',
  '01KG5WR1XNHFCG6RB94NS43FZX', '01KG5WR1XNHFCG6RB94PVJAAVT',
  '01KG5WR1XNHFCG6RB94RDCP849', '01KG5WR1XNHFCG6RB94VMEAEHF',
  '01KG5WR1XNHFCG6RB94W3G9Q94'
);
DELETE FROM admin_content_data WHERE admin_route_id IN (
  '01KG5WR1XNHFCG6RB94GWAB17H', '01KG5WR1XNHFCG6RB94KTHH42J',
  '01KG5WR1XNHFCG6RB94NS43FZX', '01KG5WR1XNHFCG6RB94PVJAAVT',
  '01KG5WR1XNHFCG6RB94RDCP849', '01KG5WR1XNHFCG6RB94VMEAEHF',
  '01KG5WR1XNHFCG6RB94W3G9Q94'
);
DELETE FROM admin_datatypes_fields WHERE admin_datatype_id IN (
  '01KG5WR1VPZG63WF3Z1HTZSKZ4', '01KG5WR1VPZG63WF3Z1M3TX6C3', '01KG5WR1VPZG63WF3Z1P6RK2KK'
);
DELETE FROM admin_fields WHERE admin_field_id IN (
  '01KG5WR1VWX2VG6QNY571YJ0CE', '01KG5WR1VWX2VG6QNY5ARY60RW',
  '01KG5WR1VWX2VG6QNY54QST04M', '01KG5WR1VWX2VG6QNY57GTF06A',
  '01KG5WR1VWX2VG6QNY58Q61A5X', '01KG5WR1VWX2VG6QNY4ZM7ZBB7',
  '01KG5WR1VWX2VG6QNY56WZDC0B', '01KG5WR1VWX2VG6QNY51T2ZY98',
  '01KG5WR1VWX2VG6QNY4YSDAA2Z', '01KG5WR1VWX2VG6QNY589NNVZA',
  '01KG5WR1VWX2VG6QNY4W1ZJ0KK', '01KG67GGKZGVA6CAVVN7DX51NB',
  '01KG5WR1VWX2VG6QNY5CWFH9FV', '01KG5WR1VWX2VG6QNY4STMVNPV'
);
DELETE FROM admin_datatypes WHERE admin_datatype_id IN (
  '01KG5WR1VPZG63WF3Z1HTZSKZ4', '01KG5WR1VPZG63WF3Z1M3TX6C3', '01KG5WR1VPZG63WF3Z1P6RK2KK'
);
DELETE FROM admin_routes WHERE admin_route_id IN (
  '01KG5WR1XNHFCG6RB94GWAB17H', '01KG5WR1XNHFCG6RB94KTHH42J',
  '01KG5WR1XNHFCG6RB94NS43FZX', '01KG5WR1XNHFCG6RB94PVJAAVT',
  '01KG5WR1XNHFCG6RB94RDCP849', '01KG5WR1XNHFCG6RB94VMEAEHF',
  '01KG5WR1XNHFCG6RB94W3G9Q94'
);

-- =============================================================================
-- Admin Datatypes (3: Page, Section, Component)
-- =============================================================================
INSERT INTO admin_datatypes (admin_datatype_id, parent_id, label, type, author_id, date_created, date_modified) VALUES ('01KG5WR1VPZG63WF3Z1P6RK2KK', NULL, 'Component', 'component', '01KG5SY7D47H1WT33JKAF177AF', '2026-01-29 22:07:26.573717', '2026-01-29 22:07:26.573717');
INSERT INTO admin_datatypes (admin_datatype_id, parent_id, label, type, author_id, date_created, date_modified) VALUES ('01KG5WR1VPZG63WF3Z1HTZSKZ4', NULL, 'Page', 'ROOT', '01KG5SY7D47H1WT33JKAF177AF', '2026-01-29 22:07:26.573717', '2026-01-29 22:07:26.573717');
INSERT INTO admin_datatypes (admin_datatype_id, parent_id, label, type, author_id, date_created, date_modified) VALUES ('01KG5WR1VPZG63WF3Z1M3TX6C3', NULL, 'Section', 'section', '01KG5SY7D47H1WT33JKAF177AF', '2026-01-29 22:07:26.573717', '2026-01-29 22:07:26.573717');

-- =============================================================================
-- Admin Routes (7 pages)
-- =============================================================================
INSERT INTO admin_routes (admin_route_id, slug, title, status, author_id, date_created, date_modified) VALUES ('01KG5WR1XNHFCG6RB94NS43FZX', 'content', 'Content Management', 1, '01KG5SY7D47H1WT33JKAF177AF', '2026-01-29 22:07:26.573717', '2026-01-29 22:07:26.573717');
INSERT INTO admin_routes (admin_route_id, slug, title, status, author_id, date_created, date_modified) VALUES ('01KG5WR1XNHFCG6RB94GWAB17H', 'dashboard', 'Dashboard', 1, '01KG5SY7D47H1WT33JKAF177AF', '2026-01-29 22:07:26.573717', '2026-01-29 22:07:26.573717');
INSERT INTO admin_routes (admin_route_id, slug, title, status, author_id, date_created, date_modified) VALUES ('01KG5WR1XNHFCG6RB94W3G9Q94', 'datatypes', 'Datatype Management', 1, '01KG5SY7D47H1WT33JKAF177AF', '2026-01-29 22:07:26.573717', '2026-01-29 22:07:26.573717');
INSERT INTO admin_routes (admin_route_id, slug, title, status, author_id, date_created, date_modified) VALUES ('01KG5WR1XNHFCG6RB94PVJAAVT', 'media', 'Media Library', 1, '01KG5SY7D47H1WT33JKAF177AF', '2026-01-29 22:07:26.573717', '2026-01-29 22:07:26.573717');
INSERT INTO admin_routes (admin_route_id, slug, title, status, author_id, date_created, date_modified) VALUES ('01KG5WR1XNHFCG6RB94VMEAEHF', 'routes', 'Route Management', 1, '01KG5SY7D47H1WT33JKAF177AF', '2026-01-29 22:07:26.573717', '2026-01-29 22:07:26.573717');
INSERT INTO admin_routes (admin_route_id, slug, title, status, author_id, date_created, date_modified) VALUES ('01KG5WR1XNHFCG6RB94RDCP849', 'settings', 'Settings', 1, '01KG5SY7D47H1WT33JKAF177AF', '2026-01-29 22:07:26.573717', '2026-01-29 22:07:26.573717');
INSERT INTO admin_routes (admin_route_id, slug, title, status, author_id, date_created, date_modified) VALUES ('01KG5WR1XNHFCG6RB94KTHH42J', 'users', 'User Management', 1, '01KG5SY7D47H1WT33JKAF177AF', '2026-01-29 22:07:26.573717', '2026-01-29 22:07:26.573717');

-- =============================================================================
-- Admin Fields (14 fields across Page/Section/Component)
-- =============================================================================
INSERT INTO admin_fields (admin_field_id, parent_id, label, data, type, author_id, date_created, date_modified) VALUES ('01KG5WR1VWX2VG6QNY571YJ0CE', '01KG5WR1VPZG63WF3Z1M3TX6C3', 'Collapsible', '{"options":["true","false"]}', 'select', '01KG5SY7D47H1WT33JKAF177AF', '2026-01-29 22:07:26.573717', '2026-01-29 22:07:26.573717');
INSERT INTO admin_fields (admin_field_id, parent_id, label, data, type, author_id, date_created, date_modified) VALUES ('01KG5WR1VWX2VG6QNY5ARY60RW', '01KG5WR1VPZG63WF3Z1P6RK2KK', 'Col Span', '{"default":1,"max":4}', 'number', '01KG5SY7D47H1WT33JKAF177AF', '2026-01-29 22:07:26.573717', '2026-01-29 22:07:26.573717');
INSERT INTO admin_fields (admin_field_id, parent_id, label, data, type, author_id, date_created, date_modified) VALUES ('01KG5WR1VWX2VG6QNY54QST04M', '01KG5WR1VPZG63WF3Z1M3TX6C3', 'Columns', '{"default":1,"max":4}', 'number', '01KG5SY7D47H1WT33JKAF177AF', '2026-01-29 22:07:26.573717', '2026-01-29 22:07:26.573717');
INSERT INTO admin_fields (admin_field_id, parent_id, label, data, type, author_id, date_created, date_modified) VALUES ('01KG5WR1VWX2VG6QNY57GTF06A', '01KG5WR1VPZG63WF3Z1P6RK2KK', 'Component', '{"options":["table","form","grid","detail"]}', 'select', '01KG5SY7D47H1WT33JKAF177AF', '2026-01-29 22:07:26.573717', '2026-01-29 22:07:26.573717');
INSERT INTO admin_fields (admin_field_id, parent_id, label, data, type, author_id, date_created, date_modified) VALUES ('01KG5WR1VWX2VG6QNY58Q61A5X', '01KG5WR1VPZG63WF3Z1P6RK2KK', 'Config', '', 'text', '01KG5SY7D47H1WT33JKAF177AF', '2026-01-29 22:07:26.573717', '2026-01-29 22:07:26.573717');
INSERT INTO admin_fields (admin_field_id, parent_id, label, data, type, author_id, date_created, date_modified) VALUES ('01KG5WR1VWX2VG6QNY4ZM7ZBB7', '01KG5WR1VPZG63WF3Z1HTZSKZ4', 'Description', '', 'text', '01KG5SY7D47H1WT33JKAF177AF', '2026-01-29 22:07:26.573717', '2026-01-29 22:07:26.573717');
INSERT INTO admin_fields (admin_field_id, parent_id, label, data, type, author_id, date_created, date_modified) VALUES ('01KG5WR1VWX2VG6QNY56WZDC0B', '01KG5WR1VPZG63WF3Z1M3TX6C3', 'Gap', '{"hint":"tailwind gap class"}', 'text', '01KG5SY7D47H1WT33JKAF177AF', '2026-01-29 22:07:26.573717', '2026-01-29 22:07:26.573717');
INSERT INTO admin_fields (admin_field_id, parent_id, label, data, type, author_id, date_created, date_modified) VALUES ('01KG5WR1VWX2VG6QNY51T2ZY98', '01KG5WR1VPZG63WF3Z1M3TX6C3', 'Heading', '', 'text', '01KG5SY7D47H1WT33JKAF177AF', '2026-01-29 22:07:26.573717', '2026-01-29 22:07:26.573717');
INSERT INTO admin_fields (admin_field_id, parent_id, label, data, type, author_id, date_created, date_modified) VALUES ('01KG5WR1VWX2VG6QNY4YSDAA2Z', '01KG5WR1VPZG63WF3Z1HTZSKZ4', 'Icon', '{"hint":"lucide icon name"}', 'text', '01KG5SY7D47H1WT33JKAF177AF', '2026-01-29 22:07:26.573717', '2026-01-29 22:07:26.573717');
INSERT INTO admin_fields (admin_field_id, parent_id, label, data, type, author_id, date_created, date_modified) VALUES ('01KG5WR1VWX2VG6QNY589NNVZA', '01KG5WR1VPZG63WF3Z1P6RK2KK', 'Label', '', 'text', '01KG5SY7D47H1WT33JKAF177AF', '2026-01-29 22:07:26.573717', '2026-01-29 22:07:26.573717');
INSERT INTO admin_fields (admin_field_id, parent_id, label, data, type, author_id, date_created, date_modified) VALUES ('01KG5WR1VWX2VG6QNY4W1ZJ0KK', '01KG5WR1VPZG63WF3Z1HTZSKZ4', 'Layout', '{"options":["sidebar","full","narrow"]}', 'select', '01KG5SY7D47H1WT33JKAF177AF', '2026-01-29 22:07:26.573717', '2026-01-29 22:07:26.573717');
INSERT INTO admin_fields (admin_field_id, parent_id, label, data, type, author_id, date_created, date_modified) VALUES ('01KG67GGKZGVA6CAVVN7DX51NB', '01KG5WR1VPZG63WF3Z1HTZSKZ4', 'Order', '{"default":0}', 'number', '01KG5SY7D47H1WT33JKAF177AF', '2026-01-29 22:07:26', '2026-01-29 22:07:26');
INSERT INTO admin_fields (admin_field_id, parent_id, label, data, type, author_id, date_created, date_modified) VALUES ('01KG5WR1VWX2VG6QNY5CWFH9FV', '01KG5WR1VPZG63WF3Z1P6RK2KK', 'Permissions', '', 'text', '01KG5SY7D47H1WT33JKAF177AF', '2026-01-29 22:07:26.573717', '2026-01-29 22:07:26.573717');
INSERT INTO admin_fields (admin_field_id, parent_id, label, data, type, author_id, date_created, date_modified) VALUES ('01KG5WR1VWX2VG6QNY4STMVNPV', '01KG5WR1VPZG63WF3Z1HTZSKZ4', 'Title', '', 'text', '01KG5SY7D47H1WT33JKAF177AF', '2026-01-29 22:07:26.573717', '2026-01-29 22:07:26.573717');

-- =============================================================================
-- Admin Datatypes <-> Fields junction (13 links)
-- =============================================================================
INSERT INTO admin_datatypes_fields (id, admin_datatype_id, admin_field_id) VALUES ('01KG5WR1WPX57ZGM3SRNSEDBW0', '01KG5WR1VPZG63WF3Z1HTZSKZ4', '01KG5WR1VWX2VG6QNY4STMVNPV');
INSERT INTO admin_datatypes_fields (id, admin_datatype_id, admin_field_id) VALUES ('01KG5WR1WT4YFAJDSEWEDWSDQP', '01KG5WR1VPZG63WF3Z1HTZSKZ4', '01KG5WR1VWX2VG6QNY4W1ZJ0KK');
INSERT INTO admin_datatypes_fields (id, admin_datatype_id, admin_field_id) VALUES ('01KG5WR1WWMHJ7AHPZ286KSDYF', '01KG5WR1VPZG63WF3Z1HTZSKZ4', '01KG5WR1VWX2VG6QNY4YSDAA2Z');
INSERT INTO admin_datatypes_fields (id, admin_datatype_id, admin_field_id) VALUES ('01KG5WR1WZGD6WKY3G4NV4C8YR', '01KG5WR1VPZG63WF3Z1HTZSKZ4', '01KG5WR1VWX2VG6QNY4ZM7ZBB7');
INSERT INTO admin_datatypes_fields (id, admin_datatype_id, admin_field_id) VALUES ('01KG5WR1X1331TST4VYEY83512', '01KG5WR1VPZG63WF3Z1M3TX6C3', '01KG5WR1VWX2VG6QNY51T2ZY98');
INSERT INTO admin_datatypes_fields (id, admin_datatype_id, admin_field_id) VALUES ('01KG5WR1X44Q9E1VANFMPR8T4C', '01KG5WR1VPZG63WF3Z1M3TX6C3', '01KG5WR1VWX2VG6QNY54QST04M');
INSERT INTO admin_datatypes_fields (id, admin_datatype_id, admin_field_id) VALUES ('01KG5WR1X65TXGTBPHCCRX7VVH', '01KG5WR1VPZG63WF3Z1M3TX6C3', '01KG5WR1VWX2VG6QNY56WZDC0B');
INSERT INTO admin_datatypes_fields (id, admin_datatype_id, admin_field_id) VALUES ('01KG5WR1X8YKZHBH42TGF3RK9G', '01KG5WR1VPZG63WF3Z1M3TX6C3', '01KG5WR1VWX2VG6QNY571YJ0CE');
INSERT INTO admin_datatypes_fields (id, admin_datatype_id, admin_field_id) VALUES ('01KG5WR1XA6MA6KPAJP22Y6YSC', '01KG5WR1VPZG63WF3Z1P6RK2KK', '01KG5WR1VWX2VG6QNY57GTF06A');
INSERT INTO admin_datatypes_fields (id, admin_datatype_id, admin_field_id) VALUES ('01KG5WR1XDAX69CYX7HS5CSSE7', '01KG5WR1VPZG63WF3Z1P6RK2KK', '01KG5WR1VWX2VG6QNY589NNVZA');
INSERT INTO admin_datatypes_fields (id, admin_datatype_id, admin_field_id) VALUES ('01KG5WR1XFAMP5Z9PRVYK6RMHP', '01KG5WR1VPZG63WF3Z1P6RK2KK', '01KG5WR1VWX2VG6QNY58Q61A5X');
INSERT INTO admin_datatypes_fields (id, admin_datatype_id, admin_field_id) VALUES ('01KG5WR1XH68MY5A1WESK72RSZ', '01KG5WR1VPZG63WF3Z1P6RK2KK', '01KG5WR1VWX2VG6QNY5ARY60RW');
INSERT INTO admin_datatypes_fields (id, admin_datatype_id, admin_field_id) VALUES ('01KG5WR1XKXEQB6VHV8R9ZPPA9', '01KG5WR1VPZG63WF3Z1P6RK2KK', '01KG5WR1VWX2VG6QNY5CWFH9FV');

-- =============================================================================
-- Admin Content Data - tree nodes (40 nodes across 7 pages)
-- =============================================================================
-- Disable FK triggers since tree pointers reference each other circularly
ALTER TABLE admin_content_data DISABLE TRIGGER ALL;

INSERT INTO admin_content_data (admin_content_data_id, parent_id, first_child_id, next_sibling_id, prev_sibling_id, admin_route_id, admin_datatype_id, author_id, date_created, date_modified) VALUES ('01KG5WR1ZQXTREQZVM1K0RJPEY', '01KG5WR1YNVJT2MQXHS2XD72J4', NULL, NULL, NULL, '01KG5WR1XNHFCG6RB94GWAB17H', '01KG5WR1VPZG63WF3Z1P6RK2KK', '01KG5SY7D47H1WT33JKAF177AF', '2026-01-29 22:07:26.573717', '2026-01-29 22:07:26.573717');
INSERT INTO admin_content_data (admin_content_data_id, parent_id, first_child_id, next_sibling_id, prev_sibling_id, admin_route_id, admin_datatype_id, author_id, date_created, date_modified) VALUES ('01KG5WR1Y475MQ8MWSC1B9AE8M', NULL, '01KG5WR1YE06ZGESNSJTX1P4P1', NULL, NULL, '01KG5WR1XNHFCG6RB94GWAB17H', '01KG5WR1VPZG63WF3Z1HTZSKZ4', '01KG5SY7D47H1WT33JKAF177AF', '2026-01-29 22:07:26.573717', '2026-01-29 22:07:26.573717');
INSERT INTO admin_content_data (admin_content_data_id, parent_id, first_child_id, next_sibling_id, prev_sibling_id, admin_route_id, admin_datatype_id, author_id, date_created, date_modified) VALUES ('01KG5WR1YE06ZGESNSJTX1P4P1', '01KG5WR1Y475MQ8MWSC1B9AE8M', '01KG5WR1YTWV79ST8TKBM2QTRG', '01KG5WR1YNVJT2MQXHS2XD72J4', NULL, '01KG5WR1XNHFCG6RB94GWAB17H', '01KG5WR1VPZG63WF3Z1M3TX6C3', '01KG5SY7D47H1WT33JKAF177AF', '2026-01-29 22:07:26.573717', '2026-01-29 22:07:26.573717');
INSERT INTO admin_content_data (admin_content_data_id, parent_id, first_child_id, next_sibling_id, prev_sibling_id, admin_route_id, admin_datatype_id, author_id, date_created, date_modified) VALUES ('01KG5WR1YNVJT2MQXHS2XD72J4', '01KG5WR1Y475MQ8MWSC1B9AE8M', '01KG5WR1ZQXTREQZVM1K0RJPEY', NULL, '01KG5WR1YE06ZGESNSJTX1P4P1', '01KG5WR1XNHFCG6RB94GWAB17H', '01KG5WR1VPZG63WF3Z1M3TX6C3', '01KG5SY7D47H1WT33JKAF177AF', '2026-01-29 22:07:26.573717', '2026-01-29 22:07:26.573717');
INSERT INTO admin_content_data (admin_content_data_id, parent_id, first_child_id, next_sibling_id, prev_sibling_id, admin_route_id, admin_datatype_id, author_id, date_created, date_modified) VALUES ('01KG5WR1YTWV79ST8TKBM2QTRG', '01KG5WR1YE06ZGESNSJTX1P4P1', NULL, '01KG5WR1Z28A1DMQJF7PJC5S5T', NULL, '01KG5WR1XNHFCG6RB94GWAB17H', '01KG5WR1VPZG63WF3Z1P6RK2KK', '01KG5SY7D47H1WT33JKAF177AF', '2026-01-29 22:07:26.573717', '2026-01-29 22:07:26.573717');
INSERT INTO admin_content_data (admin_content_data_id, parent_id, first_child_id, next_sibling_id, prev_sibling_id, admin_route_id, admin_datatype_id, author_id, date_created, date_modified) VALUES ('01KG5WR1Z28A1DMQJF7PJC5S5T', '01KG5WR1YE06ZGESNSJTX1P4P1', NULL, '01KG5WR1Z8G2624WZ257AFDXZV', '01KG5WR1YTWV79ST8TKBM2QTRG', '01KG5WR1XNHFCG6RB94GWAB17H', '01KG5WR1VPZG63WF3Z1P6RK2KK', '01KG5SY7D47H1WT33JKAF177AF', '2026-01-29 22:07:26.573717', '2026-01-29 22:07:26.573717');
INSERT INTO admin_content_data (admin_content_data_id, parent_id, first_child_id, next_sibling_id, prev_sibling_id, admin_route_id, admin_datatype_id, author_id, date_created, date_modified) VALUES ('01KG5WR1Z8G2624WZ257AFDXZV', '01KG5WR1YE06ZGESNSJTX1P4P1', NULL, '01KG5WR1ZHD67RRBPXX0SR538N', '01KG5WR1Z28A1DMQJF7PJC5S5T', '01KG5WR1XNHFCG6RB94GWAB17H', '01KG5WR1VPZG63WF3Z1P6RK2KK', '01KG5SY7D47H1WT33JKAF177AF', '2026-01-29 22:07:26.573717', '2026-01-29 22:07:26.573717');
INSERT INTO admin_content_data (admin_content_data_id, parent_id, first_child_id, next_sibling_id, prev_sibling_id, admin_route_id, admin_datatype_id, author_id, date_created, date_modified) VALUES ('01KG5WR1ZHD67RRBPXX0SR538N', '01KG5WR1YE06ZGESNSJTX1P4P1', NULL, NULL, '01KG5WR1Z8G2624WZ257AFDXZV', '01KG5WR1XNHFCG6RB94GWAB17H', '01KG5WR1VPZG63WF3Z1P6RK2KK', '01KG5SY7D47H1WT33JKAF177AF', '2026-01-29 22:07:26.573717', '2026-01-29 22:07:26.573717');
INSERT INTO admin_content_data (admin_content_data_id, parent_id, first_child_id, next_sibling_id, prev_sibling_id, admin_route_id, admin_datatype_id, author_id, date_created, date_modified) VALUES ('01KG5WR23MQAECD5MZ5SWX3YNP', '01KG5WR231QAKDQ55CKYYF0ZCR', NULL, NULL, NULL, '01KG5WR1XNHFCG6RB94KTHH42J', '01KG5WR1VPZG63WF3Z1P6RK2KK', '01KG5SY7D47H1WT33JKAF177AF', '2026-01-29 22:07:26.573717', '2026-01-29 22:07:26.573717');
INSERT INTO admin_content_data (admin_content_data_id, parent_id, first_child_id, next_sibling_id, prev_sibling_id, admin_route_id, admin_datatype_id, author_id, date_created, date_modified) VALUES ('01KG5WR23DNY21YX637M391P14', '01KG5WR22XSX24JQ9JEMAVX0KT', NULL, NULL, NULL, '01KG5WR1XNHFCG6RB94KTHH42J', '01KG5WR1VPZG63WF3Z1P6RK2KK', '01KG5SY7D47H1WT33JKAF177AF', '2026-01-29 22:07:26.573717', '2026-01-29 22:07:26.573717');
INSERT INTO admin_content_data (admin_content_data_id, parent_id, first_child_id, next_sibling_id, prev_sibling_id, admin_route_id, admin_datatype_id, author_id, date_created, date_modified) VALUES ('01KG5WR23S63BVCHBRYXZZDM7T', '01KG5WR238ESHV3SZ7WQK66PKS', NULL, NULL, NULL, '01KG5WR1XNHFCG6RB94KTHH42J', '01KG5WR1VPZG63WF3Z1P6RK2KK', '01KG5SY7D47H1WT33JKAF177AF', '2026-01-29 22:07:26.573717', '2026-01-29 22:07:26.573717');
INSERT INTO admin_content_data (admin_content_data_id, parent_id, first_child_id, next_sibling_id, prev_sibling_id, admin_route_id, admin_datatype_id, author_id, date_created, date_modified) VALUES ('01KG5WR22PYA17Q3WZEQJDYEHE', NULL, '01KG5WR22XSX24JQ9JEMAVX0KT', NULL, NULL, '01KG5WR1XNHFCG6RB94KTHH42J', '01KG5WR1VPZG63WF3Z1HTZSKZ4', '01KG5SY7D47H1WT33JKAF177AF', '2026-01-29 22:07:26.573717', '2026-01-29 22:07:26.573717');
INSERT INTO admin_content_data (admin_content_data_id, parent_id, first_child_id, next_sibling_id, prev_sibling_id, admin_route_id, admin_datatype_id, author_id, date_created, date_modified) VALUES ('01KG5WR22XSX24JQ9JEMAVX0KT', '01KG5WR22PYA17Q3WZEQJDYEHE', '01KG5WR23DNY21YX637M391P14', '01KG5WR231QAKDQ55CKYYF0ZCR', NULL, '01KG5WR1XNHFCG6RB94KTHH42J', '01KG5WR1VPZG63WF3Z1M3TX6C3', '01KG5SY7D47H1WT33JKAF177AF', '2026-01-29 22:07:26.573717', '2026-01-29 22:07:26.573717');
INSERT INTO admin_content_data (admin_content_data_id, parent_id, first_child_id, next_sibling_id, prev_sibling_id, admin_route_id, admin_datatype_id, author_id, date_created, date_modified) VALUES ('01KG5WR231QAKDQ55CKYYF0ZCR', '01KG5WR22PYA17Q3WZEQJDYEHE', '01KG5WR23MQAECD5MZ5SWX3YNP', '01KG5WR238ESHV3SZ7WQK66PKS', '01KG5WR22XSX24JQ9JEMAVX0KT', '01KG5WR1XNHFCG6RB94KTHH42J', '01KG5WR1VPZG63WF3Z1M3TX6C3', '01KG5SY7D47H1WT33JKAF177AF', '2026-01-29 22:07:26.573717', '2026-01-29 22:07:26.573717');
INSERT INTO admin_content_data (admin_content_data_id, parent_id, first_child_id, next_sibling_id, prev_sibling_id, admin_route_id, admin_datatype_id, author_id, date_created, date_modified) VALUES ('01KG5WR238ESHV3SZ7WQK66PKS', '01KG5WR22PYA17Q3WZEQJDYEHE', '01KG5WR23S63BVCHBRYXZZDM7T', NULL, '01KG5WR231QAKDQ55CKYYF0ZCR', '01KG5WR1XNHFCG6RB94KTHH42J', '01KG5WR1VPZG63WF3Z1M3TX6C3', '01KG5SY7D47H1WT33JKAF177AF', '2026-01-29 22:07:26.573717', '2026-01-29 22:07:26.573717');
INSERT INTO admin_content_data (admin_content_data_id, parent_id, first_child_id, next_sibling_id, prev_sibling_id, admin_route_id, admin_datatype_id, author_id, date_created, date_modified) VALUES ('01KG5WR20ZVRN70KW4J0SVJ2A4', '01KG5WR20PV3T6AJC58NVXR34N', NULL, NULL, NULL, '01KG5WR1XNHFCG6RB94NS43FZX', '01KG5WR1VPZG63WF3Z1P6RK2KK', '01KG5SY7D47H1WT33JKAF177AF', '2026-01-29 22:07:26.573717', '2026-01-29 22:07:26.573717');
INSERT INTO admin_content_data (admin_content_data_id, parent_id, first_child_id, next_sibling_id, prev_sibling_id, admin_route_id, admin_datatype_id, author_id, date_created, date_modified) VALUES ('01KG5WR20E0027DB3S6GNXVKCN', NULL, '01KG5WR20PV3T6AJC58NVXR34N', NULL, NULL, '01KG5WR1XNHFCG6RB94NS43FZX', '01KG5WR1VPZG63WF3Z1HTZSKZ4', '01KG5SY7D47H1WT33JKAF177AF', '2026-01-29 22:07:26.573717', '2026-01-29 22:07:26.573717');
INSERT INTO admin_content_data (admin_content_data_id, parent_id, first_child_id, next_sibling_id, prev_sibling_id, admin_route_id, admin_datatype_id, author_id, date_created, date_modified) VALUES ('01KG5WR214556M50Q7NYADM9CA', '01KG5WR20VH85H7YRPDABEEQNY', NULL, NULL, NULL, '01KG5WR1XNHFCG6RB94NS43FZX', '01KG5WR1VPZG63WF3Z1P6RK2KK', '01KG5SY7D47H1WT33JKAF177AF', '2026-01-29 22:07:26.573717', '2026-01-29 22:07:26.573717');
INSERT INTO admin_content_data (admin_content_data_id, parent_id, first_child_id, next_sibling_id, prev_sibling_id, admin_route_id, admin_datatype_id, author_id, date_created, date_modified) VALUES ('01KG5WR20VH85H7YRPDABEEQNY', '01KG5WR20E0027DB3S6GNXVKCN', '01KG5WR214556M50Q7NYADM9CA', NULL, '01KG5WR20PV3T6AJC58NVXR34N', '01KG5WR1XNHFCG6RB94NS43FZX', '01KG5WR1VPZG63WF3Z1M3TX6C3', '01KG5SY7D47H1WT33JKAF177AF', '2026-01-29 22:07:26.573717', '2026-01-29 22:07:26.573717');
INSERT INTO admin_content_data (admin_content_data_id, parent_id, first_child_id, next_sibling_id, prev_sibling_id, admin_route_id, admin_datatype_id, author_id, date_created, date_modified) VALUES ('01KG5WR20PV3T6AJC58NVXR34N', '01KG5WR20E0027DB3S6GNXVKCN', '01KG5WR20ZVRN70KW4J0SVJ2A4', '01KG5WR20VH85H7YRPDABEEQNY', NULL, '01KG5WR1XNHFCG6RB94NS43FZX', '01KG5WR1VPZG63WF3Z1M3TX6C3', '01KG5SY7D47H1WT33JKAF177AF', '2026-01-29 22:07:26.573717', '2026-01-29 22:07:26.573717');
INSERT INTO admin_content_data (admin_content_data_id, parent_id, first_child_id, next_sibling_id, prev_sibling_id, admin_route_id, admin_datatype_id, author_id, date_created, date_modified) VALUES ('01KG5WR21J7SM74Z6EYEMTB04A', NULL, '01KG5WR21TQB22JN6ENFGVQHBF', NULL, NULL, '01KG5WR1XNHFCG6RB94PVJAAVT', '01KG5WR1VPZG63WF3Z1HTZSKZ4', '01KG5SY7D47H1WT33JKAF177AF', '2026-01-29 22:07:26.573717', '2026-01-29 22:07:26.573717');
INSERT INTO admin_content_data (admin_content_data_id, parent_id, first_child_id, next_sibling_id, prev_sibling_id, admin_route_id, admin_datatype_id, author_id, date_created, date_modified) VALUES ('01KG5WR21TQB22JN6ENFGVQHBF', '01KG5WR21J7SM74Z6EYEMTB04A', '01KG5WR223KDM65ZHYYBRPFRJF', '01KG5WR21YC4K7GY6502GSR456', NULL, '01KG5WR1XNHFCG6RB94PVJAAVT', '01KG5WR1VPZG63WF3Z1M3TX6C3', '01KG5SY7D47H1WT33JKAF177AF', '2026-01-29 22:07:26.573717', '2026-01-29 22:07:26.573717');
INSERT INTO admin_content_data (admin_content_data_id, parent_id, first_child_id, next_sibling_id, prev_sibling_id, admin_route_id, admin_datatype_id, author_id, date_created, date_modified) VALUES ('01KG5WR21YC4K7GY6502GSR456', '01KG5WR21J7SM74Z6EYEMTB04A', '01KG5WR229KDT8KAB4BTVS3PHH', NULL, '01KG5WR21TQB22JN6ENFGVQHBF', '01KG5WR1XNHFCG6RB94PVJAAVT', '01KG5WR1VPZG63WF3Z1M3TX6C3', '01KG5SY7D47H1WT33JKAF177AF', '2026-01-29 22:07:26.573717', '2026-01-29 22:07:26.573717');
INSERT INTO admin_content_data (admin_content_data_id, parent_id, first_child_id, next_sibling_id, prev_sibling_id, admin_route_id, admin_datatype_id, author_id, date_created, date_modified) VALUES ('01KG5WR223KDM65ZHYYBRPFRJF', '01KG5WR21TQB22JN6ENFGVQHBF', NULL, NULL, NULL, '01KG5WR1XNHFCG6RB94PVJAAVT', '01KG5WR1VPZG63WF3Z1P6RK2KK', '01KG5SY7D47H1WT33JKAF177AF', '2026-01-29 22:07:26.573717', '2026-01-29 22:07:26.573717');
INSERT INTO admin_content_data (admin_content_data_id, parent_id, first_child_id, next_sibling_id, prev_sibling_id, admin_route_id, admin_datatype_id, author_id, date_created, date_modified) VALUES ('01KG5WR229KDT8KAB4BTVS3PHH', '01KG5WR21YC4K7GY6502GSR456', NULL, NULL, NULL, '01KG5WR1XNHFCG6RB94PVJAAVT', '01KG5WR1VPZG63WF3Z1P6RK2KK', '01KG5SY7D47H1WT33JKAF177AF', '2026-01-29 22:07:26.573717', '2026-01-29 22:07:26.573717');
INSERT INTO admin_content_data (admin_content_data_id, parent_id, first_child_id, next_sibling_id, prev_sibling_id, admin_route_id, admin_datatype_id, author_id, date_created, date_modified) VALUES ('01KG5WR24XJGXNC3VRA661J2GQ', '01KG5WR24JV7GAEPQZDR63FNRN', NULL, NULL, NULL, '01KG5WR1XNHFCG6RB94RDCP849', '01KG5WR1VPZG63WF3Z1P6RK2KK', '01KG5SY7D47H1WT33JKAF177AF', '2026-01-29 22:07:26.573717', '2026-01-29 22:07:26.573717');
INSERT INTO admin_content_data (admin_content_data_id, parent_id, first_child_id, next_sibling_id, prev_sibling_id, admin_route_id, admin_datatype_id, author_id, date_created, date_modified) VALUES ('01KG5WR2530ZTEZDR4T03YR61K', '01KG5WR24RTBKT417A5CMV2435', NULL, NULL, NULL, '01KG5WR1XNHFCG6RB94RDCP849', '01KG5WR1VPZG63WF3Z1P6RK2KK', '01KG5SY7D47H1WT33JKAF177AF', '2026-01-29 22:07:26.573717', '2026-01-29 22:07:26.573717');
INSERT INTO admin_content_data (admin_content_data_id, parent_id, first_child_id, next_sibling_id, prev_sibling_id, admin_route_id, admin_datatype_id, author_id, date_created, date_modified) VALUES ('01KG5WR24BHAX6FZYD5HNW0BJX', NULL, '01KG5WR24JV7GAEPQZDR63FNRN', NULL, NULL, '01KG5WR1XNHFCG6RB94RDCP849', '01KG5WR1VPZG63WF3Z1HTZSKZ4', '01KG5SY7D47H1WT33JKAF177AF', '2026-01-29 22:07:26.573717', '2026-01-29 22:07:26.573717');
INSERT INTO admin_content_data (admin_content_data_id, parent_id, first_child_id, next_sibling_id, prev_sibling_id, admin_route_id, admin_datatype_id, author_id, date_created, date_modified) VALUES ('01KG5WR24JV7GAEPQZDR63FNRN', '01KG5WR24BHAX6FZYD5HNW0BJX', '01KG5WR24XJGXNC3VRA661J2GQ', '01KG5WR24RTBKT417A5CMV2435', NULL, '01KG5WR1XNHFCG6RB94RDCP849', '01KG5WR1VPZG63WF3Z1M3TX6C3', '01KG5SY7D47H1WT33JKAF177AF', '2026-01-29 22:07:26.573717', '2026-01-29 22:07:26.573717');
INSERT INTO admin_content_data (admin_content_data_id, parent_id, first_child_id, next_sibling_id, prev_sibling_id, admin_route_id, admin_datatype_id, author_id, date_created, date_modified) VALUES ('01KG5WR24RTBKT417A5CMV2435', '01KG5WR24BHAX6FZYD5HNW0BJX', '01KG5WR2530ZTEZDR4T03YR61K', NULL, '01KG5WR24JV7GAEPQZDR63FNRN', '01KG5WR1XNHFCG6RB94RDCP849', '01KG5WR1VPZG63WF3Z1M3TX6C3', '01KG5SY7D47H1WT33JKAF177AF', '2026-01-29 22:07:26.573717', '2026-01-29 22:07:26.573717');
INSERT INTO admin_content_data (admin_content_data_id, parent_id, first_child_id, next_sibling_id, prev_sibling_id, admin_route_id, admin_datatype_id, author_id, date_created, date_modified) VALUES ('01KG5WR25TCA6M4BP8E1TRBFD1', '01KG5WR25GCTX1M55NEH4D65AR', '01KG5WR266KNVKXY8Y71ZSX78W', NULL, '01KG5WR25P937K9ZXMKR80S975', '01KG5WR1XNHFCG6RB94VMEAEHF', '01KG5WR1VPZG63WF3Z1M3TX6C3', '01KG5SY7D47H1WT33JKAF177AF', '2026-01-29 22:07:26.573717', '2026-01-29 22:07:26.573717');
INSERT INTO admin_content_data (admin_content_data_id, parent_id, first_child_id, next_sibling_id, prev_sibling_id, admin_route_id, admin_datatype_id, author_id, date_created, date_modified) VALUES ('01KG5WR25P937K9ZXMKR80S975', '01KG5WR25GCTX1M55NEH4D65AR', '01KG5WR260QEDM3ZPYNRXSDR5G', '01KG5WR25TCA6M4BP8E1TRBFD1', NULL, '01KG5WR1XNHFCG6RB94VMEAEHF', '01KG5WR1VPZG63WF3Z1M3TX6C3', '01KG5SY7D47H1WT33JKAF177AF', '2026-01-29 22:07:26.573717', '2026-01-29 22:07:26.573717');
INSERT INTO admin_content_data (admin_content_data_id, parent_id, first_child_id, next_sibling_id, prev_sibling_id, admin_route_id, admin_datatype_id, author_id, date_created, date_modified) VALUES ('01KG5WR260QEDM3ZPYNRXSDR5G', '01KG5WR25P937K9ZXMKR80S975', NULL, NULL, NULL, '01KG5WR1XNHFCG6RB94VMEAEHF', '01KG5WR1VPZG63WF3Z1P6RK2KK', '01KG5SY7D47H1WT33JKAF177AF', '2026-01-29 22:07:26.573717', '2026-01-29 22:07:26.573717');
INSERT INTO admin_content_data (admin_content_data_id, parent_id, first_child_id, next_sibling_id, prev_sibling_id, admin_route_id, admin_datatype_id, author_id, date_created, date_modified) VALUES ('01KG5WR266KNVKXY8Y71ZSX78W', '01KG5WR25TCA6M4BP8E1TRBFD1', NULL, NULL, NULL, '01KG5WR1XNHFCG6RB94VMEAEHF', '01KG5WR1VPZG63WF3Z1P6RK2KK', '01KG5SY7D47H1WT33JKAF177AF', '2026-01-29 22:07:26.573717', '2026-01-29 22:07:26.573717');
INSERT INTO admin_content_data (admin_content_data_id, parent_id, first_child_id, next_sibling_id, prev_sibling_id, admin_route_id, admin_datatype_id, author_id, date_created, date_modified) VALUES ('01KG5WR25GCTX1M55NEH4D65AR', NULL, '01KG5WR25P937K9ZXMKR80S975', NULL, NULL, '01KG5WR1XNHFCG6RB94VMEAEHF', '01KG5WR1VPZG63WF3Z1HTZSKZ4', '01KG5SY7D47H1WT33JKAF177AF', '2026-01-29 22:07:26.573717', '2026-01-29 22:07:26.573717');
INSERT INTO admin_content_data (admin_content_data_id, parent_id, first_child_id, next_sibling_id, prev_sibling_id, admin_route_id, admin_datatype_id, author_id, date_created, date_modified) VALUES ('01KG5WR26WCAMYAKNJKZ8KRQG1', '01KG5WR26NBHPREDQT044CYXA8', '01KG5WR2740FNQNXTGX1EM3VPZ', '01KG5WR270479KVVWAE63BZ3M7', NULL, '01KG5WR1XNHFCG6RB94W3G9Q94', '01KG5WR1VPZG63WF3Z1M3TX6C3', '01KG5SY7D47H1WT33JKAF177AF', '2026-01-29 22:07:26.573717', '2026-01-29 22:07:26.573717');
INSERT INTO admin_content_data (admin_content_data_id, parent_id, first_child_id, next_sibling_id, prev_sibling_id, admin_route_id, admin_datatype_id, author_id, date_created, date_modified) VALUES ('01KG5WR2740FNQNXTGX1EM3VPZ', '01KG5WR26WCAMYAKNJKZ8KRQG1', NULL, NULL, NULL, '01KG5WR1XNHFCG6RB94W3G9Q94', '01KG5WR1VPZG63WF3Z1P6RK2KK', '01KG5SY7D47H1WT33JKAF177AF', '2026-01-29 22:07:26.573717', '2026-01-29 22:07:26.573717');
INSERT INTO admin_content_data (admin_content_data_id, parent_id, first_child_id, next_sibling_id, prev_sibling_id, admin_route_id, admin_datatype_id, author_id, date_created, date_modified) VALUES ('01KG5WR27AT1EC9A7NT6JEJD6T', '01KG5WR270479KVVWAE63BZ3M7', NULL, NULL, NULL, '01KG5WR1XNHFCG6RB94W3G9Q94', '01KG5WR1VPZG63WF3Z1P6RK2KK', '01KG5SY7D47H1WT33JKAF177AF', '2026-01-29 22:07:26.573717', '2026-01-29 22:07:26.573717');
INSERT INTO admin_content_data (admin_content_data_id, parent_id, first_child_id, next_sibling_id, prev_sibling_id, admin_route_id, admin_datatype_id, author_id, date_created, date_modified) VALUES ('01KG5WR26NBHPREDQT044CYXA8', NULL, '01KG5WR26WCAMYAKNJKZ8KRQG1', NULL, NULL, '01KG5WR1XNHFCG6RB94W3G9Q94', '01KG5WR1VPZG63WF3Z1HTZSKZ4', '01KG5SY7D47H1WT33JKAF177AF', '2026-01-29 22:07:26.573717', '2026-01-29 22:07:26.573717');
INSERT INTO admin_content_data (admin_content_data_id, parent_id, first_child_id, next_sibling_id, prev_sibling_id, admin_route_id, admin_datatype_id, author_id, date_created, date_modified) VALUES ('01KG5WR270479KVVWAE63BZ3M7', '01KG5WR26NBHPREDQT044CYXA8', '01KG5WR27AT1EC9A7NT6JEJD6T', NULL, '01KG5WR26WCAMYAKNJKZ8KRQG1', '01KG5WR1XNHFCG6RB94W3G9Q94', '01KG5WR1VPZG63WF3Z1M3TX6C3', '01KG5SY7D47H1WT33JKAF177AF', '2026-01-29 22:07:26.573717', '2026-01-29 22:07:26.573717');

ALTER TABLE admin_content_data ENABLE TRIGGER ALL;

-- =============================================================================
-- Admin Content Fields (119 field values across all content nodes)
-- =============================================================================
INSERT INTO admin_content_fields (admin_content_field_id, admin_route_id, admin_content_data_id, admin_field_id, admin_field_value, author_id, date_created, date_modified) VALUES ('01KG5WR1Y653T4G51VJA22XJ07', '01KG5WR1XNHFCG6RB94GWAB17H', '01KG5WR1Y475MQ8MWSC1B9AE8M', '01KG5WR1VWX2VG6QNY4STMVNPV', 'Dashboard', '01KG5SY7D47H1WT33JKAF177AF', '2026-01-29 22:07:26.573717', '2026-01-29 22:07:26.573717');
INSERT INTO admin_content_fields (admin_content_field_id, admin_route_id, admin_content_data_id, admin_field_id, admin_field_value, author_id, date_created, date_modified) VALUES ('01KG5WR1Y85X4B6JM303T9DYE7', '01KG5WR1XNHFCG6RB94GWAB17H', '01KG5WR1Y475MQ8MWSC1B9AE8M', '01KG5WR1VWX2VG6QNY4W1ZJ0KK', 'sidebar', '01KG5SY7D47H1WT33JKAF177AF', '2026-01-29 22:07:26.573717', '2026-01-29 22:07:26.573717');
INSERT INTO admin_content_fields (admin_content_field_id, admin_route_id, admin_content_data_id, admin_field_id, admin_field_value, author_id, date_created, date_modified) VALUES ('01KG5WR1YAPCMNZ17QH7MNNGK3', '01KG5WR1XNHFCG6RB94GWAB17H', '01KG5WR1Y475MQ8MWSC1B9AE8M', '01KG5WR1VWX2VG6QNY4YSDAA2Z', 'layout-dashboard', '01KG5SY7D47H1WT33JKAF177AF', '2026-01-29 22:07:26.573717', '2026-01-29 22:07:26.573717');
INSERT INTO admin_content_fields (admin_content_field_id, admin_route_id, admin_content_data_id, admin_field_id, admin_field_value, author_id, date_created, date_modified) VALUES ('01KG5WR1YCEX9HX7RM3YKFC7WX', '01KG5WR1XNHFCG6RB94GWAB17H', '01KG5WR1Y475MQ8MWSC1B9AE8M', '01KG5WR1VWX2VG6QNY4ZM7ZBB7', 'System overview', '01KG5SY7D47H1WT33JKAF177AF', '2026-01-29 22:07:26.573717', '2026-01-29 22:07:26.573717');
INSERT INTO admin_content_fields (admin_content_field_id, admin_route_id, admin_content_data_id, admin_field_id, admin_field_value, author_id, date_created, date_modified) VALUES ('01KG67GGKZGVA6CAVVN9YW5BMK', '01KG5WR1XNHFCG6RB94GWAB17H', '01KG5WR1Y475MQ8MWSC1B9AE8M', '01KG67GGKZGVA6CAVVN7DX51NB', '1', '01KG5SY7D47H1WT33JKAF177AF', '2026-01-29 22:07:26', '2026-01-29 22:07:26');
INSERT INTO admin_content_fields (admin_content_field_id, admin_route_id, admin_content_data_id, admin_field_id, admin_field_value, author_id, date_created, date_modified) VALUES ('01KG5WR1YGQRZNB8AGX572YVDA', '01KG5WR1XNHFCG6RB94GWAB17H', '01KG5WR1YE06ZGESNSJTX1P4P1', '01KG5WR1VWX2VG6QNY51T2ZY98', '', '01KG5SY7D47H1WT33JKAF177AF', '2026-01-29 22:07:26.573717', '2026-01-29 22:07:26.573717');
INSERT INTO admin_content_fields (admin_content_field_id, admin_route_id, admin_content_data_id, admin_field_id, admin_field_value, author_id, date_created, date_modified) VALUES ('01KG5WR1YJEAW94SD7VDHTTF3K', '01KG5WR1XNHFCG6RB94GWAB17H', '01KG5WR1YE06ZGESNSJTX1P4P1', '01KG5WR1VWX2VG6QNY54QST04M', '4', '01KG5SY7D47H1WT33JKAF177AF', '2026-01-29 22:07:26.573717', '2026-01-29 22:07:26.573717');
INSERT INTO admin_content_fields (admin_content_field_id, admin_route_id, admin_content_data_id, admin_field_id, admin_field_value, author_id, date_created, date_modified) VALUES ('01KG5WR1YQDSBSAFBYWKJ6VD39', '01KG5WR1XNHFCG6RB94GWAB17H', '01KG5WR1YNVJT2MQXHS2XD72J4', '01KG5WR1VWX2VG6QNY51T2ZY98', 'Recent Content', '01KG5SY7D47H1WT33JKAF177AF', '2026-01-29 22:07:26.573717', '2026-01-29 22:07:26.573717');
INSERT INTO admin_content_fields (admin_content_field_id, admin_route_id, admin_content_data_id, admin_field_id, admin_field_value, author_id, date_created, date_modified) VALUES ('01KG5WR1YS25JE155GZMXJ1KZ1', '01KG5WR1XNHFCG6RB94GWAB17H', '01KG5WR1YNVJT2MQXHS2XD72J4', '01KG5WR1VWX2VG6QNY54QST04M', '1', '01KG5SY7D47H1WT33JKAF177AF', '2026-01-29 22:07:26.573717', '2026-01-29 22:07:26.573717');
INSERT INTO admin_content_fields (admin_content_field_id, admin_route_id, admin_content_data_id, admin_field_id, admin_field_value, author_id, date_created, date_modified) VALUES ('01KG5WR1YWKRC1ZZKFD56Q0MFA', '01KG5WR1XNHFCG6RB94GWAB17H', '01KG5WR1YTWV79ST8TKBM2QTRG', '01KG5WR1VWX2VG6QNY57GTF06A', 'grid', '01KG5SY7D47H1WT33JKAF177AF', '2026-01-29 22:07:26.573717', '2026-01-29 22:07:26.573717');
INSERT INTO admin_content_fields (admin_content_field_id, admin_route_id, admin_content_data_id, admin_field_id, admin_field_value, author_id, date_created, date_modified) VALUES ('01KG5WR1YYEJ7Q1CXMRATBWFWG', '01KG5WR1XNHFCG6RB94GWAB17H', '01KG5WR1YTWV79ST8TKBM2QTRG', '01KG5WR1VWX2VG6QNY589NNVZA', 'Total Content', '01KG5SY7D47H1WT33JKAF177AF', '2026-01-29 22:07:26.573717', '2026-01-29 22:07:26.573717');
INSERT INTO admin_content_fields (admin_content_field_id, admin_route_id, admin_content_data_id, admin_field_id, admin_field_value, author_id, date_created, date_modified) VALUES ('01KG5WR1Z0CMVX8CRTDK5TRS4C', '01KG5WR1XNHFCG6RB94GWAB17H', '01KG5WR1YTWV79ST8TKBM2QTRG', '01KG5WR1VWX2VG6QNY58Q61A5X', '{"endpoint":"/api/v1/contentdatas","stat":"count","icon":"file-text"}', '01KG5SY7D47H1WT33JKAF177AF', '2026-01-29 22:07:26.573717', '2026-01-29 22:07:26.573717');
INSERT INTO admin_content_fields (admin_content_field_id, admin_route_id, admin_content_data_id, admin_field_id, admin_field_value, author_id, date_created, date_modified) VALUES ('01KG5WR1Z4AHS45XCZXBM5738T', '01KG5WR1XNHFCG6RB94GWAB17H', '01KG5WR1Z28A1DMQJF7PJC5S5T', '01KG5WR1VWX2VG6QNY57GTF06A', 'grid', '01KG5SY7D47H1WT33JKAF177AF', '2026-01-29 22:07:26.573717', '2026-01-29 22:07:26.573717');
INSERT INTO admin_content_fields (admin_content_field_id, admin_route_id, admin_content_data_id, admin_field_id, admin_field_value, author_id, date_created, date_modified) VALUES ('01KG5WR1Z5CEHFJYY0KZ1NHX3W', '01KG5WR1XNHFCG6RB94GWAB17H', '01KG5WR1Z28A1DMQJF7PJC5S5T', '01KG5WR1VWX2VG6QNY589NNVZA', 'Media Files', '01KG5SY7D47H1WT33JKAF177AF', '2026-01-29 22:07:26.573717', '2026-01-29 22:07:26.573717');
INSERT INTO admin_content_fields (admin_content_field_id, admin_route_id, admin_content_data_id, admin_field_id, admin_field_value, author_id, date_created, date_modified) VALUES ('01KG5WR1Z7NPJ7531T753XMXE2', '01KG5WR1XNHFCG6RB94GWAB17H', '01KG5WR1Z28A1DMQJF7PJC5S5T', '01KG5WR1VWX2VG6QNY58Q61A5X', '{"endpoint":"/api/v1/media","stat":"count","icon":"image"}', '01KG5SY7D47H1WT33JKAF177AF', '2026-01-29 22:07:26.573717', '2026-01-29 22:07:26.573717');
INSERT INTO admin_content_fields (admin_content_field_id, admin_route_id, admin_content_data_id, admin_field_id, admin_field_value, author_id, date_created, date_modified) VALUES ('01KG5WR1ZA4J5EKZ86XK5KB7T2', '01KG5WR1XNHFCG6RB94GWAB17H', '01KG5WR1Z8G2624WZ257AFDXZV', '01KG5WR1VWX2VG6QNY57GTF06A', 'grid', '01KG5SY7D47H1WT33JKAF177AF', '2026-01-29 22:07:26.573717', '2026-01-29 22:07:26.573717');
INSERT INTO admin_content_fields (admin_content_field_id, admin_route_id, admin_content_data_id, admin_field_id, admin_field_value, author_id, date_created, date_modified) VALUES ('01KG5WR1ZC25NBGZD5QSG2SQYA', '01KG5WR1XNHFCG6RB94GWAB17H', '01KG5WR1Z8G2624WZ257AFDXZV', '01KG5WR1VWX2VG6QNY589NNVZA', 'Routes', '01KG5SY7D47H1WT33JKAF177AF', '2026-01-29 22:07:26.573717', '2026-01-29 22:07:26.573717');
INSERT INTO admin_content_fields (admin_content_field_id, admin_route_id, admin_content_data_id, admin_field_id, admin_field_value, author_id, date_created, date_modified) VALUES ('01KG5WR1ZFYWAHMWRWXFX6H157', '01KG5WR1XNHFCG6RB94GWAB17H', '01KG5WR1Z8G2624WZ257AFDXZV', '01KG5WR1VWX2VG6QNY58Q61A5X', '{"endpoint":"/api/v1/routes","stat":"count","icon":"globe"}', '01KG5SY7D47H1WT33JKAF177AF', '2026-01-29 22:07:26.573717', '2026-01-29 22:07:26.573717');
INSERT INTO admin_content_fields (admin_content_field_id, admin_route_id, admin_content_data_id, admin_field_id, admin_field_value, author_id, date_created, date_modified) VALUES ('01KG5WR1ZJ86BDZ6C2QX3ADKN4', '01KG5WR1XNHFCG6RB94GWAB17H', '01KG5WR1ZHD67RRBPXX0SR538N', '01KG5WR1VWX2VG6QNY57GTF06A', 'grid', '01KG5SY7D47H1WT33JKAF177AF', '2026-01-29 22:07:26.573717', '2026-01-29 22:07:26.573717');
INSERT INTO admin_content_fields (admin_content_field_id, admin_route_id, admin_content_data_id, admin_field_id, admin_field_value, author_id, date_created, date_modified) VALUES ('01KG5WR1ZMR1RP7SVKJBVNHR2J', '01KG5WR1XNHFCG6RB94GWAB17H', '01KG5WR1ZHD67RRBPXX0SR538N', '01KG5WR1VWX2VG6QNY589NNVZA', 'Users', '01KG5SY7D47H1WT33JKAF177AF', '2026-01-29 22:07:26.573717', '2026-01-29 22:07:26.573717');
INSERT INTO admin_content_fields (admin_content_field_id, admin_route_id, admin_content_data_id, admin_field_id, admin_field_value, author_id, date_created, date_modified) VALUES ('01KG5WR1ZNVYQ09HB7XF8VP3QW', '01KG5WR1XNHFCG6RB94GWAB17H', '01KG5WR1ZHD67RRBPXX0SR538N', '01KG5WR1VWX2VG6QNY58Q61A5X', '{"endpoint":"/api/v1/users","stat":"count","icon":"users"}', '01KG5SY7D47H1WT33JKAF177AF', '2026-01-29 22:07:26.573717', '2026-01-29 22:07:26.573717');
INSERT INTO admin_content_fields (admin_content_field_id, admin_route_id, admin_content_data_id, admin_field_id, admin_field_value, author_id, date_created, date_modified) VALUES ('01KG5WR1ZRCJQFR9RM9QVS9H5J', '01KG5WR1XNHFCG6RB94GWAB17H', '01KG5WR1ZQXTREQZVM1K0RJPEY', '01KG5WR1VWX2VG6QNY57GTF06A', 'table', '01KG5SY7D47H1WT33JKAF177AF', '2026-01-29 22:07:26.573717', '2026-01-29 22:07:26.573717');
INSERT INTO admin_content_fields (admin_content_field_id, admin_route_id, admin_content_data_id, admin_field_id, admin_field_value, author_id, date_created, date_modified) VALUES ('01KG5WR1ZTP3NAJTX760TQ0WQZ', '01KG5WR1XNHFCG6RB94GWAB17H', '01KG5WR1ZQXTREQZVM1K0RJPEY', '01KG5WR1VWX2VG6QNY589NNVZA', 'Recent Content', '01KG5SY7D47H1WT33JKAF177AF', '2026-01-29 22:07:26.573717', '2026-01-29 22:07:26.573717');
INSERT INTO admin_content_fields (admin_content_field_id, admin_route_id, admin_content_data_id, admin_field_id, admin_field_value, author_id, date_created, date_modified) VALUES ('01KG5WR1ZV9MV75TJBWJN3ZAV5', '01KG5WR1XNHFCG6RB94GWAB17H', '01KG5WR1ZQXTREQZVM1K0RJPEY', '01KG5WR1VWX2VG6QNY58Q61A5X', '{"endpoint":"/api/v1/contentdatas","columns":["title","type","status","dateModified"],"pageSize":10,"searchable":true}', '01KG5SY7D47H1WT33JKAF177AF', '2026-01-29 22:07:26.573717', '2026-01-29 22:07:26.573717');
INSERT INTO admin_content_fields (admin_content_field_id, admin_route_id, admin_content_data_id, admin_field_id, admin_field_value, author_id, date_created, date_modified) VALUES ('01KG5WR22QMHE8XHJ3QZH8813T', '01KG5WR1XNHFCG6RB94KTHH42J', '01KG5WR22PYA17Q3WZEQJDYEHE', '01KG5WR1VWX2VG6QNY4STMVNPV', 'Users', '01KG5SY7D47H1WT33JKAF177AF', '2026-01-29 22:07:26.573717', '2026-01-29 22:07:26.573717');
INSERT INTO admin_content_fields (admin_content_field_id, admin_route_id, admin_content_data_id, admin_field_id, admin_field_value, author_id, date_created, date_modified) VALUES ('01KG5WR22SGSJJJ1YP5GD37XG0', '01KG5WR1XNHFCG6RB94KTHH42J', '01KG5WR22PYA17Q3WZEQJDYEHE', '01KG5WR1VWX2VG6QNY4W1ZJ0KK', 'sidebar', '01KG5SY7D47H1WT33JKAF177AF', '2026-01-29 22:07:26.573717', '2026-01-29 22:07:26.573717');
INSERT INTO admin_content_fields (admin_content_field_id, admin_route_id, admin_content_data_id, admin_field_id, admin_field_value, author_id, date_created, date_modified) VALUES ('01KG5WR22TQ5WQC25KW1RRHR2P', '01KG5WR1XNHFCG6RB94KTHH42J', '01KG5WR22PYA17Q3WZEQJDYEHE', '01KG5WR1VWX2VG6QNY4YSDAA2Z', 'users', '01KG5SY7D47H1WT33JKAF177AF', '2026-01-29 22:07:26.573717', '2026-01-29 22:07:26.573717');
INSERT INTO admin_content_fields (admin_content_field_id, admin_route_id, admin_content_data_id, admin_field_id, admin_field_value, author_id, date_created, date_modified) VALUES ('01KG5WR22VVEZAZAK2G662S9XC', '01KG5WR1XNHFCG6RB94KTHH42J', '01KG5WR22PYA17Q3WZEQJDYEHE', '01KG5WR1VWX2VG6QNY4ZM7ZBB7', 'Manage users and roles', '01KG5SY7D47H1WT33JKAF177AF', '2026-01-29 22:07:26.573717', '2026-01-29 22:07:26.573717');
INSERT INTO admin_content_fields (admin_content_field_id, admin_route_id, admin_content_data_id, admin_field_id, admin_field_value, author_id, date_created, date_modified) VALUES ('01KG67GGKZGVA6CAVVNPY8SHYB', '01KG5WR1XNHFCG6RB94KTHH42J', '01KG5WR22PYA17Q3WZEQJDYEHE', '01KG67GGKZGVA6CAVVN7DX51NB', '6', '01KG5SY7D47H1WT33JKAF177AF', '2026-01-29 22:07:26', '2026-01-29 22:07:26');
INSERT INTO admin_content_fields (admin_content_field_id, admin_route_id, admin_content_data_id, admin_field_id, admin_field_value, author_id, date_created, date_modified) VALUES ('01KG5WR22YDVKNFQ9V51STVWSJ', '01KG5WR1XNHFCG6RB94KTHH42J', '01KG5WR22XSX24JQ9JEMAVX0KT', '01KG5WR1VWX2VG6QNY51T2ZY98', '', '01KG5SY7D47H1WT33JKAF177AF', '2026-01-29 22:07:26.573717', '2026-01-29 22:07:26.573717');
INSERT INTO admin_content_fields (admin_content_field_id, admin_route_id, admin_content_data_id, admin_field_id, admin_field_value, author_id, date_created, date_modified) VALUES ('01KG5WR22ZXPZSJVSD8NF4P3WK', '01KG5WR1XNHFCG6RB94KTHH42J', '01KG5WR22XSX24JQ9JEMAVX0KT', '01KG5WR1VWX2VG6QNY54QST04M', '1', '01KG5SY7D47H1WT33JKAF177AF', '2026-01-29 22:07:26.573717', '2026-01-29 22:07:26.573717');
INSERT INTO admin_content_fields (admin_content_field_id, admin_route_id, admin_content_data_id, admin_field_id, admin_field_value, author_id, date_created, date_modified) VALUES ('01KG5WR233VNA5SCWZYZVJ7TFX', '01KG5WR1XNHFCG6RB94KTHH42J', '01KG5WR231QAKDQ55CKYYF0ZCR', '01KG5WR1VWX2VG6QNY51T2ZY98', 'Users', '01KG5SY7D47H1WT33JKAF177AF', '2026-01-29 22:07:26.573717', '2026-01-29 22:07:26.573717');
INSERT INTO admin_content_fields (admin_content_field_id, admin_route_id, admin_content_data_id, admin_field_id, admin_field_value, author_id, date_created, date_modified) VALUES ('01KG5WR236476EV41GGWFGYN1X', '01KG5WR1XNHFCG6RB94KTHH42J', '01KG5WR231QAKDQ55CKYYF0ZCR', '01KG5WR1VWX2VG6QNY54QST04M', '1', '01KG5SY7D47H1WT33JKAF177AF', '2026-01-29 22:07:26.573717', '2026-01-29 22:07:26.573717');
INSERT INTO admin_content_fields (admin_content_field_id, admin_route_id, admin_content_data_id, admin_field_id, admin_field_value, author_id, date_created, date_modified) VALUES ('01KG5WR239ZT6KSWWYQEHY1J0H', '01KG5WR1XNHFCG6RB94KTHH42J', '01KG5WR238ESHV3SZ7WQK66PKS', '01KG5WR1VWX2VG6QNY51T2ZY98', 'Roles', '01KG5SY7D47H1WT33JKAF177AF', '2026-01-29 22:07:26.573717', '2026-01-29 22:07:26.573717');
INSERT INTO admin_content_fields (admin_content_field_id, admin_route_id, admin_content_data_id, admin_field_id, admin_field_value, author_id, date_created, date_modified) VALUES ('01KG5WR23BAB4Z4FS6X13PA9ZP', '01KG5WR1XNHFCG6RB94KTHH42J', '01KG5WR238ESHV3SZ7WQK66PKS', '01KG5WR1VWX2VG6QNY54QST04M', '1', '01KG5SY7D47H1WT33JKAF177AF', '2026-01-29 22:07:26.573717', '2026-01-29 22:07:26.573717');
INSERT INTO admin_content_fields (admin_content_field_id, admin_route_id, admin_content_data_id, admin_field_id, admin_field_value, author_id, date_created, date_modified) VALUES ('01KG5WR23E6NZS634ZXR1PRZDC', '01KG5WR1XNHFCG6RB94KTHH42J', '01KG5WR23DNY21YX637M391P14', '01KG5WR1VWX2VG6QNY57GTF06A', 'detail', '01KG5SY7D47H1WT33JKAF177AF', '2026-01-29 22:07:26.573717', '2026-01-29 22:07:26.573717');
INSERT INTO admin_content_fields (admin_content_field_id, admin_route_id, admin_content_data_id, admin_field_id, admin_field_value, author_id, date_created, date_modified) VALUES ('01KG5WR23G4171W6W9X9C0J0VQ', '01KG5WR1XNHFCG6RB94KTHH42J', '01KG5WR23DNY21YX637M391P14', '01KG5WR1VWX2VG6QNY589NNVZA', 'User Actions', '01KG5SY7D47H1WT33JKAF177AF', '2026-01-29 22:07:26.573717', '2026-01-29 22:07:26.573717');
INSERT INTO admin_content_fields (admin_content_field_id, admin_route_id, admin_content_data_id, admin_field_id, admin_field_value, author_id, date_created, date_modified) VALUES ('01KG5WR23HSTX8ZD0VA6VYWA67', '01KG5WR1XNHFCG6RB94KTHH42J', '01KG5WR23DNY21YX637M391P14', '01KG5WR1VWX2VG6QNY58Q61A5X', '{"actions":[{"label":"New User","href":"/admin/users/new","variant":"primary"}]}', '01KG5SY7D47H1WT33JKAF177AF', '2026-01-29 22:07:26.573717', '2026-01-29 22:07:26.573717');
INSERT INTO admin_content_fields (admin_content_field_id, admin_route_id, admin_content_data_id, admin_field_id, admin_field_value, author_id, date_created, date_modified) VALUES ('01KG5WR23NPJ7B1Y1H9Z71JE9X', '01KG5WR1XNHFCG6RB94KTHH42J', '01KG5WR23MQAECD5MZ5SWX3YNP', '01KG5WR1VWX2VG6QNY57GTF06A', 'table', '01KG5SY7D47H1WT33JKAF177AF', '2026-01-29 22:07:26.573717', '2026-01-29 22:07:26.573717');
INSERT INTO admin_content_fields (admin_content_field_id, admin_route_id, admin_content_data_id, admin_field_id, admin_field_value, author_id, date_created, date_modified) VALUES ('01KG5WR23QC1RG98HG16DT87ZC', '01KG5WR1XNHFCG6RB94KTHH42J', '01KG5WR23MQAECD5MZ5SWX3YNP', '01KG5WR1VWX2VG6QNY589NNVZA', 'All Users', '01KG5SY7D47H1WT33JKAF177AF', '2026-01-29 22:07:26.573717', '2026-01-29 22:07:26.573717');
INSERT INTO admin_content_fields (admin_content_field_id, admin_route_id, admin_content_data_id, admin_field_id, admin_field_value, author_id, date_created, date_modified) VALUES ('01KG5WR23RKNQW8Q9F6KJJMYMV', '01KG5WR1XNHFCG6RB94KTHH42J', '01KG5WR23MQAECD5MZ5SWX3YNP', '01KG5WR1VWX2VG6QNY58Q61A5X', '{"endpoint":"/api/v1/users","columns":["username","name","email","role","dateCreated"],"pageSize":25,"searchable":true}', '01KG5SY7D47H1WT33JKAF177AF', '2026-01-29 22:07:26.573717', '2026-01-29 22:07:26.573717');
INSERT INTO admin_content_fields (admin_content_field_id, admin_route_id, admin_content_data_id, admin_field_id, admin_field_value, author_id, date_created, date_modified) VALUES ('01KG5WR23V8Y4CJNYNFQY3917C', '01KG5WR1XNHFCG6RB94KTHH42J', '01KG5WR23S63BVCHBRYXZZDM7T', '01KG5WR1VWX2VG6QNY57GTF06A', 'table', '01KG5SY7D47H1WT33JKAF177AF', '2026-01-29 22:07:26.573717', '2026-01-29 22:07:26.573717');
INSERT INTO admin_content_fields (admin_content_field_id, admin_route_id, admin_content_data_id, admin_field_id, admin_field_value, author_id, date_created, date_modified) VALUES ('01KG5WR23W33WMMG5VAGJ10VJS', '01KG5WR1XNHFCG6RB94KTHH42J', '01KG5WR23S63BVCHBRYXZZDM7T', '01KG5WR1VWX2VG6QNY589NNVZA', 'All Roles', '01KG5SY7D47H1WT33JKAF177AF', '2026-01-29 22:07:26.573717', '2026-01-29 22:07:26.573717');
INSERT INTO admin_content_fields (admin_content_field_id, admin_route_id, admin_content_data_id, admin_field_id, admin_field_value, author_id, date_created, date_modified) VALUES ('01KG5WR23XGXTS1608E9ZWWPJS', '01KG5WR1XNHFCG6RB94KTHH42J', '01KG5WR23S63BVCHBRYXZZDM7T', '01KG5WR1VWX2VG6QNY58Q61A5X', '{"endpoint":"/api/v1/roles","columns":["label","permissions"],"pageSize":10}', '01KG5SY7D47H1WT33JKAF177AF', '2026-01-29 22:07:26.573717', '2026-01-29 22:07:26.573717');
INSERT INTO admin_content_fields (admin_content_field_id, admin_route_id, admin_content_data_id, admin_field_id, admin_field_value, author_id, date_created, date_modified) VALUES ('01KG5WR20GQ144AEPR7XRB5T2B', '01KG5WR1XNHFCG6RB94NS43FZX', '01KG5WR20E0027DB3S6GNXVKCN', '01KG5WR1VWX2VG6QNY4STMVNPV', 'Content', '01KG5SY7D47H1WT33JKAF177AF', '2026-01-29 22:07:26.573717', '2026-01-29 22:07:26.573717');
INSERT INTO admin_content_fields (admin_content_field_id, admin_route_id, admin_content_data_id, admin_field_id, admin_field_value, author_id, date_created, date_modified) VALUES ('01KG5WR20H5VJXNRWG1Q2FG939', '01KG5WR1XNHFCG6RB94NS43FZX', '01KG5WR20E0027DB3S6GNXVKCN', '01KG5WR1VWX2VG6QNY4W1ZJ0KK', 'sidebar', '01KG5SY7D47H1WT33JKAF177AF', '2026-01-29 22:07:26.573717', '2026-01-29 22:07:26.573717');
INSERT INTO admin_content_fields (admin_content_field_id, admin_route_id, admin_content_data_id, admin_field_id, admin_field_value, author_id, date_created, date_modified) VALUES ('01KG5WR20K7F7133WAW39N83DX', '01KG5WR1XNHFCG6RB94NS43FZX', '01KG5WR20E0027DB3S6GNXVKCN', '01KG5WR1VWX2VG6QNY4YSDAA2Z', 'file-text', '01KG5SY7D47H1WT33JKAF177AF', '2026-01-29 22:07:26.573717', '2026-01-29 22:07:26.573717');
INSERT INTO admin_content_fields (admin_content_field_id, admin_route_id, admin_content_data_id, admin_field_id, admin_field_value, author_id, date_created, date_modified) VALUES ('01KG5WR20NG2M1RTEFDC6J8CPP', '01KG5WR1XNHFCG6RB94NS43FZX', '01KG5WR20E0027DB3S6GNXVKCN', '01KG5WR1VWX2VG6QNY4ZM7ZBB7', 'Manage content', '01KG5SY7D47H1WT33JKAF177AF', '2026-01-29 22:07:26.573717', '2026-01-29 22:07:26.573717');
INSERT INTO admin_content_fields (admin_content_field_id, admin_route_id, admin_content_data_id, admin_field_id, admin_field_value, author_id, date_created, date_modified) VALUES ('01KG67GGKZGVA6CAVVNCA500AG', '01KG5WR1XNHFCG6RB94NS43FZX', '01KG5WR20E0027DB3S6GNXVKCN', '01KG67GGKZGVA6CAVVN7DX51NB', '2', '01KG5SY7D47H1WT33JKAF177AF', '2026-01-29 22:07:26', '2026-01-29 22:07:26');
INSERT INTO admin_content_fields (admin_content_field_id, admin_route_id, admin_content_data_id, admin_field_id, admin_field_value, author_id, date_created, date_modified) VALUES ('01KG5WR20RWGMC3HYW7YR1KQDY', '01KG5WR1XNHFCG6RB94NS43FZX', '01KG5WR20PV3T6AJC58NVXR34N', '01KG5WR1VWX2VG6QNY51T2ZY98', '', '01KG5SY7D47H1WT33JKAF177AF', '2026-01-29 22:07:26.573717', '2026-01-29 22:07:26.573717');
INSERT INTO admin_content_fields (admin_content_field_id, admin_route_id, admin_content_data_id, admin_field_id, admin_field_value, author_id, date_created, date_modified) VALUES ('01KG5WR20SGQRE57QZM12QQ78V', '01KG5WR1XNHFCG6RB94NS43FZX', '01KG5WR20PV3T6AJC58NVXR34N', '01KG5WR1VWX2VG6QNY54QST04M', '1', '01KG5SY7D47H1WT33JKAF177AF', '2026-01-29 22:07:26.573717', '2026-01-29 22:07:26.573717');
INSERT INTO admin_content_fields (admin_content_field_id, admin_route_id, admin_content_data_id, admin_field_id, admin_field_value, author_id, date_created, date_modified) VALUES ('01KG5WR20WYAFKWR2HETMRG50Y', '01KG5WR1XNHFCG6RB94NS43FZX', '01KG5WR20VH85H7YRPDABEEQNY', '01KG5WR1VWX2VG6QNY51T2ZY98', '', '01KG5SY7D47H1WT33JKAF177AF', '2026-01-29 22:07:26.573717', '2026-01-29 22:07:26.573717');
INSERT INTO admin_content_fields (admin_content_field_id, admin_route_id, admin_content_data_id, admin_field_id, admin_field_value, author_id, date_created, date_modified) VALUES ('01KG5WR20XPY967G9WHRSP6ZAF', '01KG5WR1XNHFCG6RB94NS43FZX', '01KG5WR20VH85H7YRPDABEEQNY', '01KG5WR1VWX2VG6QNY54QST04M', '1', '01KG5SY7D47H1WT33JKAF177AF', '2026-01-29 22:07:26.573717', '2026-01-29 22:07:26.573717');
INSERT INTO admin_content_fields (admin_content_field_id, admin_route_id, admin_content_data_id, admin_field_id, admin_field_value, author_id, date_created, date_modified) VALUES ('01KG5WR21010NAQDMS01XJNZ3A', '01KG5WR1XNHFCG6RB94NS43FZX', '01KG5WR20ZVRN70KW4J0SVJ2A4', '01KG5WR1VWX2VG6QNY57GTF06A', 'detail', '01KG5SY7D47H1WT33JKAF177AF', '2026-01-29 22:07:26.573717', '2026-01-29 22:07:26.573717');
INSERT INTO admin_content_fields (admin_content_field_id, admin_route_id, admin_content_data_id, admin_field_id, admin_field_value, author_id, date_created, date_modified) VALUES ('01KG5WR212P0GZFRKPY5DT25ZC', '01KG5WR1XNHFCG6RB94NS43FZX', '01KG5WR20ZVRN70KW4J0SVJ2A4', '01KG5WR1VWX2VG6QNY589NNVZA', 'Content Actions', '01KG5SY7D47H1WT33JKAF177AF', '2026-01-29 22:07:26.573717', '2026-01-29 22:07:26.573717');
INSERT INTO admin_content_fields (admin_content_field_id, admin_route_id, admin_content_data_id, admin_field_id, admin_field_value, author_id, date_created, date_modified) VALUES ('01KG5WR213C5EV5CY9PV5HM56D', '01KG5WR1XNHFCG6RB94NS43FZX', '01KG5WR20ZVRN70KW4J0SVJ2A4', '01KG5WR1VWX2VG6QNY58Q61A5X', '{"actions":[{"label":"New Content","href":"/admin/content/new","variant":"primary"}]}', '01KG5SY7D47H1WT33JKAF177AF', '2026-01-29 22:07:26.573717', '2026-01-29 22:07:26.573717');
INSERT INTO admin_content_fields (admin_content_field_id, admin_route_id, admin_content_data_id, admin_field_id, admin_field_value, author_id, date_created, date_modified) VALUES ('01KG5WR216R3ZP0VX9528KBEW1', '01KG5WR1XNHFCG6RB94NS43FZX', '01KG5WR214556M50Q7NYADM9CA', '01KG5WR1VWX2VG6QNY57GTF06A', 'table', '01KG5SY7D47H1WT33JKAF177AF', '2026-01-29 22:07:26.573717', '2026-01-29 22:07:26.573717');
INSERT INTO admin_content_fields (admin_content_field_id, admin_route_id, admin_content_data_id, admin_field_id, admin_field_value, author_id, date_created, date_modified) VALUES ('01KG5WR218Z8NEJBYEDC697PME', '01KG5WR1XNHFCG6RB94NS43FZX', '01KG5WR214556M50Q7NYADM9CA', '01KG5WR1VWX2VG6QNY589NNVZA', 'All Content', '01KG5SY7D47H1WT33JKAF177AF', '2026-01-29 22:07:26.573717', '2026-01-29 22:07:26.573717');
INSERT INTO admin_content_fields (admin_content_field_id, admin_route_id, admin_content_data_id, admin_field_id, admin_field_value, author_id, date_created, date_modified) VALUES ('01KG5WR219CB10XY8KYJM3T3VM', '01KG5WR1XNHFCG6RB94NS43FZX', '01KG5WR214556M50Q7NYADM9CA', '01KG5WR1VWX2VG6QNY58Q61A5X', '{"endpoint":"/api/v1/contentdatas","columns":["title","type","route","status","dateModified"],"pageSize":25,"searchable":true}', '01KG5SY7D47H1WT33JKAF177AF', '2026-01-29 22:07:26.573717', '2026-01-29 22:07:26.573717');
INSERT INTO admin_content_fields (admin_content_field_id, admin_route_id, admin_content_data_id, admin_field_id, admin_field_value, author_id, date_created, date_modified) VALUES ('01KG5WR21K8RHSE4QD203JKM6M', '01KG5WR1XNHFCG6RB94PVJAAVT', '01KG5WR21J7SM74Z6EYEMTB04A', '01KG5WR1VWX2VG6QNY4STMVNPV', 'Media Library', '01KG5SY7D47H1WT33JKAF177AF', '2026-01-29 22:07:26.573717', '2026-01-29 22:07:26.573717');
INSERT INTO admin_content_fields (admin_content_field_id, admin_route_id, admin_content_data_id, admin_field_id, admin_field_value, author_id, date_created, date_modified) VALUES ('01KG5WR21MTGD25K3CWVSAYJ1B', '01KG5WR1XNHFCG6RB94PVJAAVT', '01KG5WR21J7SM74Z6EYEMTB04A', '01KG5WR1VWX2VG6QNY4W1ZJ0KK', 'sidebar', '01KG5SY7D47H1WT33JKAF177AF', '2026-01-29 22:07:26.573717', '2026-01-29 22:07:26.573717');
INSERT INTO admin_content_fields (admin_content_field_id, admin_route_id, admin_content_data_id, admin_field_id, admin_field_value, author_id, date_created, date_modified) VALUES ('01KG5WR21PKMKQZ56RJPGVXB6Y', '01KG5WR1XNHFCG6RB94PVJAAVT', '01KG5WR21J7SM74Z6EYEMTB04A', '01KG5WR1VWX2VG6QNY4YSDAA2Z', 'image', '01KG5SY7D47H1WT33JKAF177AF', '2026-01-29 22:07:26.573717', '2026-01-29 22:07:26.573717');
INSERT INTO admin_content_fields (admin_content_field_id, admin_route_id, admin_content_data_id, admin_field_id, admin_field_value, author_id, date_created, date_modified) VALUES ('01KG5WR21RQ9312R3AK8QGD6QS', '01KG5WR1XNHFCG6RB94PVJAAVT', '01KG5WR21J7SM74Z6EYEMTB04A', '01KG5WR1VWX2VG6QNY4ZM7ZBB7', 'Manage media files', '01KG5SY7D47H1WT33JKAF177AF', '2026-01-29 22:07:26.573717', '2026-01-29 22:07:26.573717');
INSERT INTO admin_content_fields (admin_content_field_id, admin_route_id, admin_content_data_id, admin_field_id, admin_field_value, author_id, date_created, date_modified) VALUES ('01KG67GGKZGVA6CAVVNMYTJNN1', '01KG5WR1XNHFCG6RB94PVJAAVT', '01KG5WR21J7SM74Z6EYEMTB04A', '01KG67GGKZGVA6CAVVN7DX51NB', '5', '01KG5SY7D47H1WT33JKAF177AF', '2026-01-29 22:07:26', '2026-01-29 22:07:26');
INSERT INTO admin_content_fields (admin_content_field_id, admin_route_id, admin_content_data_id, admin_field_id, admin_field_value, author_id, date_created, date_modified) VALUES ('01KG5WR21WTW8HF3BWVWKFFEA6', '01KG5WR1XNHFCG6RB94PVJAAVT', '01KG5WR21TQB22JN6ENFGVQHBF', '01KG5WR1VWX2VG6QNY51T2ZY98', '', '01KG5SY7D47H1WT33JKAF177AF', '2026-01-29 22:07:26.573717', '2026-01-29 22:07:26.573717');
INSERT INTO admin_content_fields (admin_content_field_id, admin_route_id, admin_content_data_id, admin_field_id, admin_field_value, author_id, date_created, date_modified) VALUES ('01KG5WR21XZ57KZKQMB54NMQCE', '01KG5WR1XNHFCG6RB94PVJAAVT', '01KG5WR21TQB22JN6ENFGVQHBF', '01KG5WR1VWX2VG6QNY54QST04M', '1', '01KG5SY7D47H1WT33JKAF177AF', '2026-01-29 22:07:26.573717', '2026-01-29 22:07:26.573717');
INSERT INTO admin_content_fields (admin_content_field_id, admin_route_id, admin_content_data_id, admin_field_id, admin_field_value, author_id, date_created, date_modified) VALUES ('01KG5WR220MS0SCKAPSJWNBTAV', '01KG5WR1XNHFCG6RB94PVJAAVT', '01KG5WR21YC4K7GY6502GSR456', '01KG5WR1VWX2VG6QNY51T2ZY98', '', '01KG5SY7D47H1WT33JKAF177AF', '2026-01-29 22:07:26.573717', '2026-01-29 22:07:26.573717');
INSERT INTO admin_content_fields (admin_content_field_id, admin_route_id, admin_content_data_id, admin_field_id, admin_field_value, author_id, date_created, date_modified) VALUES ('01KG5WR222GRHAJ810K9CA64GQ', '01KG5WR1XNHFCG6RB94PVJAAVT', '01KG5WR21YC4K7GY6502GSR456', '01KG5WR1VWX2VG6QNY54QST04M', '1', '01KG5SY7D47H1WT33JKAF177AF', '2026-01-29 22:07:26.573717', '2026-01-29 22:07:26.573717');
INSERT INTO admin_content_fields (admin_content_field_id, admin_route_id, admin_content_data_id, admin_field_id, admin_field_value, author_id, date_created, date_modified) VALUES ('01KG5WR22535AGNH73QHZFSEZN', '01KG5WR1XNHFCG6RB94PVJAAVT', '01KG5WR223KDM65ZHYYBRPFRJF', '01KG5WR1VWX2VG6QNY57GTF06A', 'detail', '01KG5SY7D47H1WT33JKAF177AF', '2026-01-29 22:07:26.573717', '2026-01-29 22:07:26.573717');
INSERT INTO admin_content_fields (admin_content_field_id, admin_route_id, admin_content_data_id, admin_field_id, admin_field_value, author_id, date_created, date_modified) VALUES ('01KG5WR226BZJZD17EYC2YSMDF', '01KG5WR1XNHFCG6RB94PVJAAVT', '01KG5WR223KDM65ZHYYBRPFRJF', '01KG5WR1VWX2VG6QNY589NNVZA', 'Media Actions', '01KG5SY7D47H1WT33JKAF177AF', '2026-01-29 22:07:26.573717', '2026-01-29 22:07:26.573717');
INSERT INTO admin_content_fields (admin_content_field_id, admin_route_id, admin_content_data_id, admin_field_id, admin_field_value, author_id, date_created, date_modified) VALUES ('01KG5WR228HA11CR6CVPBHGC5H', '01KG5WR1XNHFCG6RB94PVJAAVT', '01KG5WR223KDM65ZHYYBRPFRJF', '01KG5WR1VWX2VG6QNY58Q61A5X', '{"actions":[{"label":"Upload Media","action":"upload","variant":"primary"}]}', '01KG5SY7D47H1WT33JKAF177AF', '2026-01-29 22:07:26.573717', '2026-01-29 22:07:26.573717');
INSERT INTO admin_content_fields (admin_content_field_id, admin_route_id, admin_content_data_id, admin_field_id, admin_field_value, author_id, date_created, date_modified) VALUES ('01KG5WR22A5PKD8EZEVVTAA3VY', '01KG5WR1XNHFCG6RB94PVJAAVT', '01KG5WR229KDT8KAB4BTVS3PHH', '01KG5WR1VWX2VG6QNY57GTF06A', 'table', '01KG5SY7D47H1WT33JKAF177AF', '2026-01-29 22:07:26.573717', '2026-01-29 22:07:26.573717');
INSERT INTO admin_content_fields (admin_content_field_id, admin_route_id, admin_content_data_id, admin_field_id, admin_field_value, author_id, date_created, date_modified) VALUES ('01KG5WR22CDQXF4NDEP9X729G8', '01KG5WR1XNHFCG6RB94PVJAAVT', '01KG5WR229KDT8KAB4BTVS3PHH', '01KG5WR1VWX2VG6QNY589NNVZA', 'All Media', '01KG5SY7D47H1WT33JKAF177AF', '2026-01-29 22:07:26.573717', '2026-01-29 22:07:26.573717');
INSERT INTO admin_content_fields (admin_content_field_id, admin_route_id, admin_content_data_id, admin_field_id, admin_field_value, author_id, date_created, date_modified) VALUES ('01KG5WR22DMZ2J9TKAD285Q261', '01KG5WR1XNHFCG6RB94PVJAAVT', '01KG5WR229KDT8KAB4BTVS3PHH', '01KG5WR1VWX2VG6QNY58Q61A5X', '{"endpoint":"/api/v1/media","columns":["name","displayName","mimetype","dimensions","dateCreated"],"pageSize":25,"searchable":true}', '01KG5SY7D47H1WT33JKAF177AF', '2026-01-29 22:07:26.573717', '2026-01-29 22:07:26.573717');
INSERT INTO admin_content_fields (admin_content_field_id, admin_route_id, admin_content_data_id, admin_field_id, admin_field_value, author_id, date_created, date_modified) VALUES ('01KG5WR24DZNX7M6M6CRA864HV', '01KG5WR1XNHFCG6RB94RDCP849', '01KG5WR24BHAX6FZYD5HNW0BJX', '01KG5WR1VWX2VG6QNY4STMVNPV', 'Settings', '01KG5SY7D47H1WT33JKAF177AF', '2026-01-29 22:07:26.573717', '2026-01-29 22:07:26.573717');
INSERT INTO admin_content_fields (admin_content_field_id, admin_route_id, admin_content_data_id, admin_field_id, admin_field_value, author_id, date_created, date_modified) VALUES ('01KG5WR24E4S39PQEA70BTBQED', '01KG5WR1XNHFCG6RB94RDCP849', '01KG5WR24BHAX6FZYD5HNW0BJX', '01KG5WR1VWX2VG6QNY4W1ZJ0KK', 'sidebar', '01KG5SY7D47H1WT33JKAF177AF', '2026-01-29 22:07:26.573717', '2026-01-29 22:07:26.573717');
INSERT INTO admin_content_fields (admin_content_field_id, admin_route_id, admin_content_data_id, admin_field_id, admin_field_value, author_id, date_created, date_modified) VALUES ('01KG5WR24GNS4ASFFGMGNMCHQM', '01KG5WR1XNHFCG6RB94RDCP849', '01KG5WR24BHAX6FZYD5HNW0BJX', '01KG5WR1VWX2VG6QNY4YSDAA2Z', 'settings', '01KG5SY7D47H1WT33JKAF177AF', '2026-01-29 22:07:26.573717', '2026-01-29 22:07:26.573717');
INSERT INTO admin_content_fields (admin_content_field_id, admin_route_id, admin_content_data_id, admin_field_id, admin_field_value, author_id, date_created, date_modified) VALUES ('01KG5WR24HV6SF4JSC6RDH9YBC', '01KG5WR1XNHFCG6RB94RDCP849', '01KG5WR24BHAX6FZYD5HNW0BJX', '01KG5WR1VWX2VG6QNY4ZM7ZBB7', 'System configuration', '01KG5SY7D47H1WT33JKAF177AF', '2026-01-29 22:07:26.573717', '2026-01-29 22:07:26.573717');
INSERT INTO admin_content_fields (admin_content_field_id, admin_route_id, admin_content_data_id, admin_field_id, admin_field_value, author_id, date_created, date_modified) VALUES ('01KG67GGKZGVA6CAVVNR8BB6NW', '01KG5WR1XNHFCG6RB94RDCP849', '01KG5WR24BHAX6FZYD5HNW0BJX', '01KG67GGKZGVA6CAVVN7DX51NB', '7', '01KG5SY7D47H1WT33JKAF177AF', '2026-01-29 22:07:26', '2026-01-29 22:07:26');
INSERT INTO admin_content_fields (admin_content_field_id, admin_route_id, admin_content_data_id, admin_field_id, admin_field_value, author_id, date_created, date_modified) VALUES ('01KG5WR24MSM92ZZMVHKN0V2WE', '01KG5WR1XNHFCG6RB94RDCP849', '01KG5WR24JV7GAEPQZDR63FNRN', '01KG5WR1VWX2VG6QNY51T2ZY98', 'General', '01KG5SY7D47H1WT33JKAF177AF', '2026-01-29 22:07:26.573717', '2026-01-29 22:07:26.573717');
INSERT INTO admin_content_fields (admin_content_field_id, admin_route_id, admin_content_data_id, admin_field_id, admin_field_value, author_id, date_created, date_modified) VALUES ('01KG5WR24P9GVRREYS0SN5NKKC', '01KG5WR1XNHFCG6RB94RDCP849', '01KG5WR24JV7GAEPQZDR63FNRN', '01KG5WR1VWX2VG6QNY54QST04M', '1', '01KG5SY7D47H1WT33JKAF177AF', '2026-01-29 22:07:26.573717', '2026-01-29 22:07:26.573717');
INSERT INTO admin_content_fields (admin_content_field_id, admin_route_id, admin_content_data_id, admin_field_id, admin_field_value, author_id, date_created, date_modified) VALUES ('01KG5WR24T6KDXP6H792FR4FDN', '01KG5WR1XNHFCG6RB94RDCP849', '01KG5WR24RTBKT417A5CMV2435', '01KG5WR1VWX2VG6QNY51T2ZY98', 'Advanced', '01KG5SY7D47H1WT33JKAF177AF', '2026-01-29 22:07:26.573717', '2026-01-29 22:07:26.573717');
INSERT INTO admin_content_fields (admin_content_field_id, admin_route_id, admin_content_data_id, admin_field_id, admin_field_value, author_id, date_created, date_modified) VALUES ('01KG5WR24VEYTE0NSRCZ32MXXA', '01KG5WR1XNHFCG6RB94RDCP849', '01KG5WR24RTBKT417A5CMV2435', '01KG5WR1VWX2VG6QNY54QST04M', '1', '01KG5SY7D47H1WT33JKAF177AF', '2026-01-29 22:07:26.573717', '2026-01-29 22:07:26.573717');
INSERT INTO admin_content_fields (admin_content_field_id, admin_route_id, admin_content_data_id, admin_field_id, admin_field_value, author_id, date_created, date_modified) VALUES ('01KG5WR24Y7RMGF8M9S05XV5X5', '01KG5WR1XNHFCG6RB94RDCP849', '01KG5WR24XJGXNC3VRA661J2GQ', '01KG5WR1VWX2VG6QNY57GTF06A', 'form', '01KG5SY7D47H1WT33JKAF177AF', '2026-01-29 22:07:26.573717', '2026-01-29 22:07:26.573717');
INSERT INTO admin_content_fields (admin_content_field_id, admin_route_id, admin_content_data_id, admin_field_id, admin_field_value, author_id, date_created, date_modified) VALUES ('01KG5WR250S8A6QB22H1NV1C9K', '01KG5WR1XNHFCG6RB94RDCP849', '01KG5WR24XJGXNC3VRA661J2GQ', '01KG5WR1VWX2VG6QNY589NNVZA', 'General Settings', '01KG5SY7D47H1WT33JKAF177AF', '2026-01-29 22:07:26.573717', '2026-01-29 22:07:26.573717');
INSERT INTO admin_content_fields (admin_content_field_id, admin_route_id, admin_content_data_id, admin_field_id, admin_field_value, author_id, date_created, date_modified) VALUES ('01KG5WR2514N36GGBWSSWQTG0D', '01KG5WR1XNHFCG6RB94RDCP849', '01KG5WR24XJGXNC3VRA661J2GQ', '01KG5WR1VWX2VG6QNY58Q61A5X', '{"endpoint":"/api/v1/settings","method":"PUT","fields":[{"name":"siteName","label":"Site Name","type":"text"},{"name":"siteDescription","label":"Site Description","type":"textarea"},{"name":"adminEmail","label":"Admin Email","type":"email"}]}', '01KG5SY7D47H1WT33JKAF177AF', '2026-01-29 22:07:26.573717', '2026-01-29 22:07:26.573717');
INSERT INTO admin_content_fields (admin_content_field_id, admin_route_id, admin_content_data_id, admin_field_id, admin_field_value, author_id, date_created, date_modified) VALUES ('01KG5WR254ZNT95V1QCGSBZTGN', '01KG5WR1XNHFCG6RB94RDCP849', '01KG5WR2530ZTEZDR4T03YR61K', '01KG5WR1VWX2VG6QNY57GTF06A', 'form', '01KG5SY7D47H1WT33JKAF177AF', '2026-01-29 22:07:26.573717', '2026-01-29 22:07:26.573717');
INSERT INTO admin_content_fields (admin_content_field_id, admin_route_id, admin_content_data_id, admin_field_id, admin_field_value, author_id, date_created, date_modified) VALUES ('01KG5WR256GNQW5FHCWKZFTRTB', '01KG5WR1XNHFCG6RB94RDCP849', '01KG5WR2530ZTEZDR4T03YR61K', '01KG5WR1VWX2VG6QNY589NNVZA', 'Advanced Settings', '01KG5SY7D47H1WT33JKAF177AF', '2026-01-29 22:07:26.573717', '2026-01-29 22:07:26.573717');
INSERT INTO admin_content_fields (admin_content_field_id, admin_route_id, admin_content_data_id, admin_field_id, admin_field_value, author_id, date_created, date_modified) VALUES ('01KG5WR257JS7NEPY96DWPMDFT', '01KG5WR1XNHFCG6RB94RDCP849', '01KG5WR2530ZTEZDR4T03YR61K', '01KG5WR1VWX2VG6QNY58Q61A5X', '{"endpoint":"/api/v1/settings/advanced","method":"PUT","fields":[{"name":"corsOrigins","label":"CORS Origins","type":"textarea"},{"name":"sslEnabled","label":"SSL Enabled","type":"boolean"},{"name":"cacheTimeout","label":"Cache Timeout (s)","type":"number"}]}', '01KG5SY7D47H1WT33JKAF177AF', '2026-01-29 22:07:26.573717', '2026-01-29 22:07:26.573717');
INSERT INTO admin_content_fields (admin_content_field_id, admin_route_id, admin_content_data_id, admin_field_id, admin_field_value, author_id, date_created, date_modified) VALUES ('01KG5WR25HBJYXW7XM950XXF7B', '01KG5WR1XNHFCG6RB94VMEAEHF', '01KG5WR25GCTX1M55NEH4D65AR', '01KG5WR1VWX2VG6QNY4STMVNPV', 'Routes', '01KG5SY7D47H1WT33JKAF177AF', '2026-01-29 22:07:26.573717', '2026-01-29 22:07:26.573717');
INSERT INTO admin_content_fields (admin_content_field_id, admin_route_id, admin_content_data_id, admin_field_id, admin_field_value, author_id, date_created, date_modified) VALUES ('01KG5WR25JT8F3VXJJNQ212WZG', '01KG5WR1XNHFCG6RB94VMEAEHF', '01KG5WR25GCTX1M55NEH4D65AR', '01KG5WR1VWX2VG6QNY4W1ZJ0KK', 'sidebar', '01KG5SY7D47H1WT33JKAF177AF', '2026-01-29 22:07:26.573717', '2026-01-29 22:07:26.573717');
INSERT INTO admin_content_fields (admin_content_field_id, admin_route_id, admin_content_data_id, admin_field_id, admin_field_value, author_id, date_created, date_modified) VALUES ('01KG5WR25MKCTKKS1V7QRGS35X', '01KG5WR1XNHFCG6RB94VMEAEHF', '01KG5WR25GCTX1M55NEH4D65AR', '01KG5WR1VWX2VG6QNY4YSDAA2Z', 'globe', '01KG5SY7D47H1WT33JKAF177AF', '2026-01-29 22:07:26.573717', '2026-01-29 22:07:26.573717');
INSERT INTO admin_content_fields (admin_content_field_id, admin_route_id, admin_content_data_id, admin_field_id, admin_field_value, author_id, date_created, date_modified) VALUES ('01KG5WR25NQCFQE7X3KS0PYZ8Y', '01KG5WR1XNHFCG6RB94VMEAEHF', '01KG5WR25GCTX1M55NEH4D65AR', '01KG5WR1VWX2VG6QNY4ZM7ZBB7', 'Manage URL routes', '01KG5SY7D47H1WT33JKAF177AF', '2026-01-29 22:07:26.573717', '2026-01-29 22:07:26.573717');
INSERT INTO admin_content_fields (admin_content_field_id, admin_route_id, admin_content_data_id, admin_field_id, admin_field_value, author_id, date_created, date_modified) VALUES ('01KG67GGKZGVA6CAVVNHH2RVWG', '01KG5WR1XNHFCG6RB94VMEAEHF', '01KG5WR25GCTX1M55NEH4D65AR', '01KG67GGKZGVA6CAVVN7DX51NB', '3', '01KG5SY7D47H1WT33JKAF177AF', '2026-01-29 22:07:26', '2026-01-29 22:07:26');
INSERT INTO admin_content_fields (admin_content_field_id, admin_route_id, admin_content_data_id, admin_field_id, admin_field_value, author_id, date_created, date_modified) VALUES ('01KG5WR25RQVMC155H3PY85TC3', '01KG5WR1XNHFCG6RB94VMEAEHF', '01KG5WR25P937K9ZXMKR80S975', '01KG5WR1VWX2VG6QNY51T2ZY98', '', '01KG5SY7D47H1WT33JKAF177AF', '2026-01-29 22:07:26.573717', '2026-01-29 22:07:26.573717');
INSERT INTO admin_content_fields (admin_content_field_id, admin_route_id, admin_content_data_id, admin_field_id, admin_field_value, author_id, date_created, date_modified) VALUES ('01KG5WR25SGRW80Z7EKD4DMWFD', '01KG5WR1XNHFCG6RB94VMEAEHF', '01KG5WR25P937K9ZXMKR80S975', '01KG5WR1VWX2VG6QNY54QST04M', '1', '01KG5SY7D47H1WT33JKAF177AF', '2026-01-29 22:07:26.573717', '2026-01-29 22:07:26.573717');
INSERT INTO admin_content_fields (admin_content_field_id, admin_route_id, admin_content_data_id, admin_field_id, admin_field_value, author_id, date_created, date_modified) VALUES ('01KG5WR25WZTS8113R2TBY2BPK', '01KG5WR1XNHFCG6RB94VMEAEHF', '01KG5WR25TCA6M4BP8E1TRBFD1', '01KG5WR1VWX2VG6QNY51T2ZY98', '', '01KG5SY7D47H1WT33JKAF177AF', '2026-01-29 22:07:26.573717', '2026-01-29 22:07:26.573717');
INSERT INTO admin_content_fields (admin_content_field_id, admin_route_id, admin_content_data_id, admin_field_id, admin_field_value, author_id, date_created, date_modified) VALUES ('01KG5WR25YD7ZEE5MQPSZHNZTD', '01KG5WR1XNHFCG6RB94VMEAEHF', '01KG5WR25TCA6M4BP8E1TRBFD1', '01KG5WR1VWX2VG6QNY54QST04M', '1', '01KG5SY7D47H1WT33JKAF177AF', '2026-01-29 22:07:26.573717', '2026-01-29 22:07:26.573717');
INSERT INTO admin_content_fields (admin_content_field_id, admin_route_id, admin_content_data_id, admin_field_id, admin_field_value, author_id, date_created, date_modified) VALUES ('01KG5WR261571S4AMZBWBE4C7K', '01KG5WR1XNHFCG6RB94VMEAEHF', '01KG5WR260QEDM3ZPYNRXSDR5G', '01KG5WR1VWX2VG6QNY57GTF06A', 'detail', '01KG5SY7D47H1WT33JKAF177AF', '2026-01-29 22:07:26.573717', '2026-01-29 22:07:26.573717');
INSERT INTO admin_content_fields (admin_content_field_id, admin_route_id, admin_content_data_id, admin_field_id, admin_field_value, author_id, date_created, date_modified) VALUES ('01KG5WR263K5EX9KZVZENE3N9M', '01KG5WR1XNHFCG6RB94VMEAEHF', '01KG5WR260QEDM3ZPYNRXSDR5G', '01KG5WR1VWX2VG6QNY589NNVZA', 'Route Actions', '01KG5SY7D47H1WT33JKAF177AF', '2026-01-29 22:07:26.573717', '2026-01-29 22:07:26.573717');
INSERT INTO admin_content_fields (admin_content_field_id, admin_route_id, admin_content_data_id, admin_field_id, admin_field_value, author_id, date_created, date_modified) VALUES ('01KG5WR2646Z1J9DC3GNG02GES', '01KG5WR1XNHFCG6RB94VMEAEHF', '01KG5WR260QEDM3ZPYNRXSDR5G', '01KG5WR1VWX2VG6QNY58Q61A5X', '{"actions":[{"label":"New Route","href":"/admin/routes/new","variant":"primary"}]}', '01KG5SY7D47H1WT33JKAF177AF', '2026-01-29 22:07:26.573717', '2026-01-29 22:07:26.573717');
INSERT INTO admin_content_fields (admin_content_field_id, admin_route_id, admin_content_data_id, admin_field_id, admin_field_value, author_id, date_created, date_modified) VALUES ('01KG5WR268S2Z34Q33490F909G', '01KG5WR1XNHFCG6RB94VMEAEHF', '01KG5WR266KNVKXY8Y71ZSX78W', '01KG5WR1VWX2VG6QNY57GTF06A', 'table', '01KG5SY7D47H1WT33JKAF177AF', '2026-01-29 22:07:26.573717', '2026-01-29 22:07:26.573717');
INSERT INTO admin_content_fields (admin_content_field_id, admin_route_id, admin_content_data_id, admin_field_id, admin_field_value, author_id, date_created, date_modified) VALUES ('01KG5WR26A3AYY4C1BCC2WHGTV', '01KG5WR1XNHFCG6RB94VMEAEHF', '01KG5WR266KNVKXY8Y71ZSX78W', '01KG5WR1VWX2VG6QNY589NNVZA', 'All Routes', '01KG5SY7D47H1WT33JKAF177AF', '2026-01-29 22:07:26.573717', '2026-01-29 22:07:26.573717');
INSERT INTO admin_content_fields (admin_content_field_id, admin_route_id, admin_content_data_id, admin_field_id, admin_field_value, author_id, date_created, date_modified) VALUES ('01KG5WR26BT6SN50P4NWZS8QN5', '01KG5WR1XNHFCG6RB94VMEAEHF', '01KG5WR266KNVKXY8Y71ZSX78W', '01KG5WR1VWX2VG6QNY58Q61A5X', '{"endpoint":"/api/v1/routes","columns":["slug","title","status","author","dateModified"],"pageSize":25,"searchable":true}', '01KG5SY7D47H1WT33JKAF177AF', '2026-01-29 22:07:26.573717', '2026-01-29 22:07:26.573717');
INSERT INTO admin_content_fields (admin_content_field_id, admin_route_id, admin_content_data_id, admin_field_id, admin_field_value, author_id, date_created, date_modified) VALUES ('01KG5WR26PV3V5SNE2BYH52ZSQ', '01KG5WR1XNHFCG6RB94W3G9Q94', '01KG5WR26NBHPREDQT044CYXA8', '01KG5WR1VWX2VG6QNY4STMVNPV', 'Datatypes', '01KG5SY7D47H1WT33JKAF177AF', '2026-01-29 22:07:26.573717', '2026-01-29 22:07:26.573717');
INSERT INTO admin_content_fields (admin_content_field_id, admin_route_id, admin_content_data_id, admin_field_id, admin_field_value, author_id, date_created, date_modified) VALUES ('01KG5WR26R0PCWT3QQP75SC7TA', '01KG5WR1XNHFCG6RB94W3G9Q94', '01KG5WR26NBHPREDQT044CYXA8', '01KG5WR1VWX2VG6QNY4W1ZJ0KK', 'sidebar', '01KG5SY7D47H1WT33JKAF177AF', '2026-01-29 22:07:26.573717', '2026-01-29 22:07:26.573717');
INSERT INTO admin_content_fields (admin_content_field_id, admin_route_id, admin_content_data_id, admin_field_id, admin_field_value, author_id, date_created, date_modified) VALUES ('01KG5WR26SCV1PXVSY038DZYAK', '01KG5WR1XNHFCG6RB94W3G9Q94', '01KG5WR26NBHPREDQT044CYXA8', '01KG5WR1VWX2VG6QNY4YSDAA2Z', 'database', '01KG5SY7D47H1WT33JKAF177AF', '2026-01-29 22:07:26.573717', '2026-01-29 22:07:26.573717');
INSERT INTO admin_content_fields (admin_content_field_id, admin_route_id, admin_content_data_id, admin_field_id, admin_field_value, author_id, date_created, date_modified) VALUES ('01KG5WR26V8000TDWM6V7HV19V', '01KG5WR1XNHFCG6RB94W3G9Q94', '01KG5WR26NBHPREDQT044CYXA8', '01KG5WR1VWX2VG6QNY4ZM7ZBB7', 'Manage content datatypes', '01KG5SY7D47H1WT33JKAF177AF', '2026-01-29 22:07:26.573717', '2026-01-29 22:07:26.573717');
INSERT INTO admin_content_fields (admin_content_field_id, admin_route_id, admin_content_data_id, admin_field_id, admin_field_value, author_id, date_created, date_modified) VALUES ('01KG67GGKZGVA6CAVVNFBEN8GY', '01KG5WR1XNHFCG6RB94W3G9Q94', '01KG5WR26NBHPREDQT044CYXA8', '01KG67GGKZGVA6CAVVN7DX51NB', '4', '01KG5SY7D47H1WT33JKAF177AF', '2026-01-29 22:07:26', '2026-01-29 22:07:26');
INSERT INTO admin_content_fields (admin_content_field_id, admin_route_id, admin_content_data_id, admin_field_id, admin_field_value, author_id, date_created, date_modified) VALUES ('01KG5WR26XPSYHQGNSA8MPJJJV', '01KG5WR1XNHFCG6RB94W3G9Q94', '01KG5WR26WCAMYAKNJKZ8KRQG1', '01KG5WR1VWX2VG6QNY51T2ZY98', '', '01KG5SY7D47H1WT33JKAF177AF', '2026-01-29 22:07:26.573717', '2026-01-29 22:07:26.573717');
INSERT INTO admin_content_fields (admin_content_field_id, admin_route_id, admin_content_data_id, admin_field_id, admin_field_value, author_id, date_created, date_modified) VALUES ('01KG5WR26ZK8Q7JBS1R8VBZM4J', '01KG5WR1XNHFCG6RB94W3G9Q94', '01KG5WR26WCAMYAKNJKZ8KRQG1', '01KG5WR1VWX2VG6QNY54QST04M', '1', '01KG5SY7D47H1WT33JKAF177AF', '2026-01-29 22:07:26.573717', '2026-01-29 22:07:26.573717');
INSERT INTO admin_content_fields (admin_content_field_id, admin_route_id, admin_content_data_id, admin_field_id, admin_field_value, author_id, date_created, date_modified) VALUES ('01KG5WR272CZX5BVHTQGNS788S', '01KG5WR1XNHFCG6RB94W3G9Q94', '01KG5WR270479KVVWAE63BZ3M7', '01KG5WR1VWX2VG6QNY51T2ZY98', '', '01KG5SY7D47H1WT33JKAF177AF', '2026-01-29 22:07:26.573717', '2026-01-29 22:07:26.573717');
INSERT INTO admin_content_fields (admin_content_field_id, admin_route_id, admin_content_data_id, admin_field_id, admin_field_value, author_id, date_created, date_modified) VALUES ('01KG5WR273NVV31E7F769KC2MK', '01KG5WR1XNHFCG6RB94W3G9Q94', '01KG5WR270479KVVWAE63BZ3M7', '01KG5WR1VWX2VG6QNY54QST04M', '1', '01KG5SY7D47H1WT33JKAF177AF', '2026-01-29 22:07:26.573717', '2026-01-29 22:07:26.573717');
INSERT INTO admin_content_fields (admin_content_field_id, admin_route_id, admin_content_data_id, admin_field_id, admin_field_value, author_id, date_created, date_modified) VALUES ('01KG5WR276393ZC1V4MVBZF53A', '01KG5WR1XNHFCG6RB94W3G9Q94', '01KG5WR2740FNQNXTGX1EM3VPZ', '01KG5WR1VWX2VG6QNY57GTF06A', 'detail', '01KG5SY7D47H1WT33JKAF177AF', '2026-01-29 22:07:26.573717', '2026-01-29 22:07:26.573717');
INSERT INTO admin_content_fields (admin_content_field_id, admin_route_id, admin_content_data_id, admin_field_id, admin_field_value, author_id, date_created, date_modified) VALUES ('01KG5WR277W3ASP0D62RET2DPP', '01KG5WR1XNHFCG6RB94W3G9Q94', '01KG5WR2740FNQNXTGX1EM3VPZ', '01KG5WR1VWX2VG6QNY589NNVZA', 'Datatype Actions', '01KG5SY7D47H1WT33JKAF177AF', '2026-01-29 22:07:26.573717', '2026-01-29 22:07:26.573717');
INSERT INTO admin_content_fields (admin_content_field_id, admin_route_id, admin_content_data_id, admin_field_id, admin_field_value, author_id, date_created, date_modified) VALUES ('01KG5WR279M7BRD9VB8RJ91N82', '01KG5WR1XNHFCG6RB94W3G9Q94', '01KG5WR2740FNQNXTGX1EM3VPZ', '01KG5WR1VWX2VG6QNY58Q61A5X', '{"actions":[{"label":"New Datatype","href":"/admin/datatypes/new","variant":"primary"}]}', '01KG5SY7D47H1WT33JKAF177AF', '2026-01-29 22:07:26.573717', '2026-01-29 22:07:26.573717');
INSERT INTO admin_content_fields (admin_content_field_id, admin_route_id, admin_content_data_id, admin_field_id, admin_field_value, author_id, date_created, date_modified) VALUES ('01KG5WR27CWM9WPH1RP13G68F6', '01KG5WR1XNHFCG6RB94W3G9Q94', '01KG5WR27AT1EC9A7NT6JEJD6T', '01KG5WR1VWX2VG6QNY57GTF06A', 'table', '01KG5SY7D47H1WT33JKAF177AF', '2026-01-29 22:07:26.573717', '2026-01-29 22:07:26.573717');
INSERT INTO admin_content_fields (admin_content_field_id, admin_route_id, admin_content_data_id, admin_field_id, admin_field_value, author_id, date_created, date_modified) VALUES ('01KG5WR27EJ6VTRM541Z3GH4QJ', '01KG5WR1XNHFCG6RB94W3G9Q94', '01KG5WR27AT1EC9A7NT6JEJD6T', '01KG5WR1VWX2VG6QNY589NNVZA', 'All Datatypes', '01KG5SY7D47H1WT33JKAF177AF', '2026-01-29 22:07:26.573717', '2026-01-29 22:07:26.573717');
INSERT INTO admin_content_fields (admin_content_field_id, admin_route_id, admin_content_data_id, admin_field_id, admin_field_value, author_id, date_created, date_modified) VALUES ('01KG5WR27G995NWXGQ63CRFD4M', '01KG5WR1XNHFCG6RB94W3G9Q94', '01KG5WR27AT1EC9A7NT6JEJD6T', '01KG5WR1VWX2VG6QNY58Q61A5X', '{"endpoint":"/api/v1/datatypes","columns":["label","type","parentId","dateModified"],"pageSize":25,"searchable":true}', '01KG5SY7D47H1WT33JKAF177AF', '2026-01-29 22:07:26.573717', '2026-01-29 22:07:26.573717');

COMMIT;
